segment_length;buffer_size;lr;mlbs;bandwidth;max(buffer_underrruns)
0,2;0,25;0;0,1;0,466666666666667;0,384615384615385
0,2;0,25;0;0,1;0,533333333333333;0,230769230769231
0,2;0,25;0;0,1;0,566666666666667;0,153846153846154
0,2;0,25;0;0,1;0,6;0,0769230769230769
0,2;0,25;0;0,1;0,633333333333333;0,0769230769230769
0,2;0,25;0;0,1;0,666666666666667;0,0769230769230769
0,2;0,25;0;0,1;1;0
0,2;0,25;0;0,6;0,466666666666667;0,384615384615385
0,2;0,25;0;0,6;0,533333333333333;0,230769230769231
0,2;0,25;0;0,6;0,566666666666667;0,153846153846154
0,2;0,25;0;0,6;0,6;0,0769230769230769
0,2;0,25;0;0,6;0,633333333333333;0,0769230769230769
0,2;0,25;0;0,6;0,666666666666667;0,0769230769230769
0,2;0,25;0;0,6;1;0
0,2;0,25;0;1;0,466666666666667;0,384615384615385
0,2;0,25;0;1;0,533333333333333;0,230769230769231
0,2;0,25;0;1;0,566666666666667;0,153846153846154
0,2;0,25;0;1;0,6;0,0769230769230769
0,2;0,25;0;1;0,633333333333333;0,0769230769230769
0,2;0,25;0;1;0,666666666666667;0,0769230769230769
0,2;0,25;0;1;1;0
0,2;0,25;0,015625;0,1;0,466666666666667;0,384615384615385
0,2;0,25;0,015625;0,1;0,533333333333333;0,230769230769231
0,2;0,25;0,015625;0,1;0,566666666666667;0,153846153846154
0,2;0,25;0,015625;0,1;0,6;0,0769230769230769
0,2;0,25;0,015625;0,1;0,633333333333333;0,0769230769230769
0,2;0,25;0,015625;0,1;0,666666666666667;0,0769230769230769
0,2;0,25;0,015625;0,1;1;0
0,2;0,25;0,015625;0,6;0,466666666666667;0,384615384615385
0,2;0,25;0,015625;0,6;0,533333333333333;0,230769230769231
0,2;0,25;0,015625;0,6;0,566666666666667;0,153846153846154
0,2;0,25;0,015625;0,6;0,6;0,0769230769230769
0,2;0,25;0,015625;0,6;0,633333333333333;0,0769230769230769
0,2;0,25;0,015625;0,6;0,666666666666667;0,0769230769230769
0,2;0,25;0,015625;0,6;1;0
0,2;0,25;0,015625;1;0,466666666666667;0,384615384615385
0,2;0,25;0,015625;1;0,533333333333333;0,230769230769231
0,2;0,25;0,015625;1;0,566666666666667;0,153846153846154
0,2;0,25;0,015625;1;0,6;0,0769230769230769
0,2;0,25;0,015625;1;0,633333333333333;0,0769230769230769
0,2;0,25;0,015625;1;0,666666666666667;0,0769230769230769
0,2;0,25;0,015625;1;1;0
0,2;0,25;0,03125;0,1;0,466666666666667;0,384615384615385
0,2;0,25;0,03125;0,1;0,533333333333333;0,230769230769231
0,2;0,25;0,03125;0,1;0,566666666666667;0,153846153846154
0,2;0,25;0,03125;0,1;0,6;0,0769230769230769
0,2;0,25;0,03125;0,1;0,633333333333333;0,0769230769230769
0,2;0,25;0,03125;0,1;0,666666666666667;0,0769230769230769
0,2;0,25;0,03125;0,1;1;0
0,2;0,25;0,03125;0,6;0,466666666666667;0,384615384615385
0,2;0,25;0,03125;0,6;0,533333333333333;0,230769230769231
0,2;0,25;0,03125;0,6;0,566666666666667;0,153846153846154
0,2;0,25;0,03125;0,6;0,6;0,0769230769230769
0,2;0,25;0,03125;0,6;0,633333333333333;0,0769230769230769
0,2;0,25;0,03125;0,6;0,666666666666667;0,0769230769230769
0,2;0,25;0,03125;0,6;1;0
0,2;0,25;0,03125;1;0,466666666666667;0,384615384615385
0,2;0,25;0,03125;1;0,533333333333333;0,230769230769231
0,2;0,25;0,03125;1;0,566666666666667;0,153846153846154
0,2;0,25;0,03125;1;0,6;0,0769230769230769
0,2;0,25;0,03125;1;0,633333333333333;0,0769230769230769
0,2;0,25;0,03125;1;0,666666666666667;0,0769230769230769
0,2;0,25;0,03125;1;1;0
0,2;0,25;0,0625;0,1;0,466666666666667;0,384615384615385
0,2;0,25;0,0625;0,1;0,533333333333333;0,230769230769231
0,2;0,25;0,0625;0,1;0,566666666666667;0,153846153846154
0,2;0,25;0,0625;0,1;0,6;0,0769230769230769
0,2;0,25;0,0625;0,1;0,633333333333333;0,0769230769230769
0,2;0,25;0,0625;0,1;0,666666666666667;0,0769230769230769
0,2;0,25;0,0625;0,1;1;0
0,2;0,25;0,0625;0,6;0,466666666666667;0,384615384615385
0,2;0,25;0,0625;0,6;0,533333333333333;0,230769230769231
0,2;0,25;0,0625;0,6;0,566666666666667;0,153846153846154
0,2;0,25;0,0625;0,6;0,6;0,0769230769230769
0,2;0,25;0,0625;0,6;0,633333333333333;0,0769230769230769
0,2;0,25;0,0625;0,6;0,666666666666667;0,0769230769230769
0,2;0,25;0,0625;0,6;1;0
0,2;0,25;0,0625;1;0,466666666666667;0,384615384615385
0,2;0,25;0,0625;1;0,533333333333333;0,230769230769231
0,2;0,25;0,0625;1;0,566666666666667;0,153846153846154
0,2;0,25;0,0625;1;0,6;0,0769230769230769
0,2;0,25;0,0625;1;0,633333333333333;0,0769230769230769
0,2;0,25;0,0625;1;0,666666666666667;0,0769230769230769
0,2;0,25;0,0625;1;1;0
0,2;0,25;0,125;0,1;0,466666666666667;0,384615384615385
0,2;0,25;0,125;0,1;0,533333333333333;0,230769230769231
0,2;0,25;0,125;0,1;0,566666666666667;0,153846153846154
0,2;0,25;0,125;0,1;0,6;0,0769230769230769
0,2;0,25;0,125;0,1;0,633333333333333;0,0769230769230769
0,2;0,25;0,125;0,1;0,666666666666667;0,0769230769230769
0,2;0,25;0,125;0,1;1;0
0,2;0,25;0,125;0,6;0,466666666666667;0,384615384615385
0,2;0,25;0,125;0,6;0,533333333333333;0,230769230769231
0,2;0,25;0,125;0,6;0,566666666666667;0,153846153846154
0,2;0,25;0,125;0,6;0,6;0,0769230769230769
0,2;0,25;0,125;0,6;0,633333333333333;0,0769230769230769
0,2;0,25;0,125;0,6;0,666666666666667;0,0769230769230769
0,2;0,25;0,125;0,6;1;0
0,2;0,25;0,125;1;0,466666666666667;0,384615384615385
0,2;0,25;0,125;1;0,533333333333333;0,230769230769231
0,2;0,25;0,125;1;0,566666666666667;0,153846153846154
0,2;0,25;0,125;1;0,6;0,0769230769230769
0,2;0,25;0,125;1;0,633333333333333;0,0769230769230769
0,2;0,25;0,125;1;0,666666666666667;0,0769230769230769
0,2;0,25;0,125;1;1;0
0,2;0,25;0,25;0,1;0,466666666666667;0,461538461538462
0,2;0,25;0,25;0,1;0,533333333333333;0,230769230769231
0,2;0,25;0,25;0,1;0,566666666666667;0,153846153846154
0,2;0,25;0,25;0,1;0,6;0,0769230769230769
0,2;0,25;0,25;0,1;0,633333333333333;0,0769230769230769
0,2;0,25;0,25;0,1;0,666666666666667;0,0769230769230769
0,2;0,25;0,25;0,1;1;0
0,2;0,25;0,25;0,6;0,466666666666667;0,384615384615385
0,2;0,25;0,25;0,6;0,533333333333333;0,230769230769231
0,2;0,25;0,25;0,6;0,566666666666667;0,153846153846154
0,2;0,25;0,25;0,6;0,6;0,0769230769230769
0,2;0,25;0,25;0,6;0,633333333333333;0,0769230769230769
0,2;0,25;0,25;0,6;0,666666666666667;0,0769230769230769
0,2;0,25;0,25;0,6;1;0
0,2;0,25;0,25;1;0,466666666666667;0,384615384615385
0,2;0,25;0,25;1;0,533333333333333;0,230769230769231
0,2;0,25;0,25;1;0,566666666666667;0,153846153846154
0,2;0,25;0,25;1;0,6;0,0769230769230769
0,2;0,25;0,25;1;0,633333333333333;0,0769230769230769
0,2;0,25;0,25;1;0,666666666666667;0,0769230769230769
0,2;0,25;0,25;1;1;0
0,2;0,25;0,5;0,1;0,466666666666667;0,846153846153846
0,2;0,25;0,5;0,1;0,533333333333333;0,769230769230769
0,2;0,25;0,5;0,1;0,566666666666667;0,769230769230769
0,2;0,25;0,5;0,1;0,6;0,692307692307692
0,2;0,25;0,5;0,1;0,633333333333333;0,692307692307692
0,2;0,25;0,5;0,1;0,666666666666667;0,615384615384615
0,2;0,25;0,5;0,1;1;0,538461538461538
0,2;0,25;0,5;0,6;0,466666666666667;0,384615384615385
0,2;0,25;0,5;0,6;0,533333333333333;0,230769230769231
0,2;0,25;0,5;0,6;0,566666666666667;0,153846153846154
0,2;0,25;0,5;0,6;0,6;0,0769230769230769
0,2;0,25;0,5;0,6;0,633333333333333;0,0769230769230769
0,2;0,25;0,5;0,6;0,666666666666667;0,0769230769230769
0,2;0,25;0,5;0,6;1;0
0,2;0,25;0,5;1;0,466666666666667;0,384615384615385
0,2;0,25;0,5;1;0,533333333333333;0,230769230769231
0,2;0,25;0,5;1;0,566666666666667;0,153846153846154
0,2;0,25;0,5;1;0,6;0,0769230769230769
0,2;0,25;0,5;1;0,633333333333333;0,0769230769230769
0,2;0,25;0,5;1;0,666666666666667;0,0769230769230769
0,2;0,25;0,5;1;1;0
0,2;0,25;0,75;0,6;0,466666666666667;0,461538461538462
0,2;0,25;0,75;0,6;0,533333333333333;0,230769230769231
0,2;0,25;0,75;0,6;0,566666666666667;0,230769230769231
0,2;0,25;0,75;0,6;0,6;0,153846153846154
0,2;0,25;0,75;0,6;0,633333333333333;0,0769230769230769
0,2;0,25;0,75;0,6;0,666666666666667;0,0769230769230769
0,2;0,25;0,75;0,6;1;0
0,2;0,25;0,75;1;0,466666666666667;0,384615384615385
0,2;0,25;0,75;1;0,533333333333333;0,230769230769231
0,2;0,25;0,75;1;0,566666666666667;0,153846153846154
0,2;0,25;0,75;1;0,6;0,0769230769230769
0,2;0,25;0,75;1;0,633333333333333;0,0769230769230769
0,2;0,25;0,75;1;0,666666666666667;0,0769230769230769
0,2;0,25;0,75;1;1;0
0,2;0,25;1;0,6;0,466666666666667;1
0,2;0,25;1;0,6;0,533333333333333;0,923076923076923
0,2;0,25;1;0,6;0,566666666666667;0,846153846153846
0,2;0,25;1;0,6;0,6;0,846153846153846
0,2;0,25;1;0,6;0,633333333333333;0,846153846153846
0,2;0,25;1;0,6;0,666666666666667;0,846153846153846
0,2;0,25;1;0,6;1;0,769230769230769
0,2;0,25;1;1;0,466666666666667;0,461538461538462
0,2;0,25;1;1;0,533333333333333;0,230769230769231
0,2;0,25;1;1;0,566666666666667;0,230769230769231
0,2;0,25;1;1;0,6;0,153846153846154
0,2;0,25;1;1;0,633333333333333;0,0769230769230769
0,2;0,25;1;1;0,666666666666667;0,0769230769230769
0,2;0,25;1;1;1;0
0,2;0,75;0;0,1;0,466666666666667;0,384615384615385
0,2;0,75;0;0,1;0,533333333333333;0,230769230769231
0,2;0,75;0;0,1;0,566666666666667;0,153846153846154
0,2;0,75;0;0,1;0,6;0,0769230769230769
0,2;0,75;0;0,1;0,633333333333333;0
0,2;0,75;0;0,1;0,666666666666667;0
0,2;0,75;0;0,1;1;0
0,2;0,75;0;0,6;0,466666666666667;0,384615384615385
0,2;0,75;0;0,6;0,533333333333333;0,230769230769231
0,2;0,75;0;0,6;0,566666666666667;0,153846153846154
0,2;0,75;0;0,6;0,6;0,0769230769230769
0,2;0,75;0;0,6;0,633333333333333;0
0,2;0,75;0;0,6;0,666666666666667;0
0,2;0,75;0;0,6;1;0
0,2;0,75;0;1;0,466666666666667;0,384615384615385
0,2;0,75;0;1;0,533333333333333;0,230769230769231
0,2;0,75;0;1;0,566666666666667;0,153846153846154
0,2;0,75;0;1;0,6;0,0769230769230769
0,2;0,75;0;1;0,633333333333333;0
0,2;0,75;0;1;0,666666666666667;0
0,2;0,75;0;1;1;0
0,2;0,75;0,015625;0,1;0,466666666666667;0,384615384615385
0,2;0,75;0,015625;0,1;0,533333333333333;0,230769230769231
0,2;0,75;0,015625;0,1;0,566666666666667;0,153846153846154
0,2;0,75;0,015625;0,1;0,6;0,0769230769230769
0,2;0,75;0,015625;0,1;0,633333333333333;0
0,2;0,75;0,015625;0,1;0,666666666666667;0
0,2;0,75;0,015625;0,1;1;0
0,2;0,75;0,015625;0,6;0,466666666666667;0,384615384615385
0,2;0,75;0,015625;0,6;0,533333333333333;0,230769230769231
0,2;0,75;0,015625;0,6;0,566666666666667;0,153846153846154
0,2;0,75;0,015625;0,6;0,6;0,0769230769230769
0,2;0,75;0,015625;0,6;0,633333333333333;0
0,2;0,75;0,015625;0,6;0,666666666666667;0
0,2;0,75;0,015625;0,6;1;0
0,2;0,75;0,015625;1;0,466666666666667;0,384615384615385
0,2;0,75;0,015625;1;0,533333333333333;0,230769230769231
0,2;0,75;0,015625;1;0,566666666666667;0,153846153846154
0,2;0,75;0,015625;1;0,6;0,0769230769230769
0,2;0,75;0,015625;1;0,633333333333333;0
0,2;0,75;0,015625;1;0,666666666666667;0
0,2;0,75;0,015625;1;1;0
0,2;0,75;0,03125;0,1;0,466666666666667;0,384615384615385
0,2;0,75;0,03125;0,1;0,533333333333333;0,230769230769231
0,2;0,75;0,03125;0,1;0,566666666666667;0,153846153846154
0,2;0,75;0,03125;0,1;0,6;0,0769230769230769
0,2;0,75;0,03125;0,1;0,633333333333333;0
0,2;0,75;0,03125;0,1;0,666666666666667;0
0,2;0,75;0,03125;0,1;1;0
0,2;0,75;0,03125;0,6;0,466666666666667;0,384615384615385
0,2;0,75;0,03125;0,6;0,533333333333333;0,230769230769231
0,2;0,75;0,03125;0,6;0,566666666666667;0,153846153846154
0,2;0,75;0,03125;0,6;0,6;0,0769230769230769
0,2;0,75;0,03125;0,6;0,633333333333333;0
0,2;0,75;0,03125;0,6;0,666666666666667;0
0,2;0,75;0,03125;0,6;1;0
0,2;0,75;0,03125;1;0,466666666666667;0,384615384615385
0,2;0,75;0,03125;1;0,533333333333333;0,230769230769231
0,2;0,75;0,03125;1;0,566666666666667;0,153846153846154
0,2;0,75;0,03125;1;0,6;0,0769230769230769
0,2;0,75;0,03125;1;0,633333333333333;0
0,2;0,75;0,03125;1;0,666666666666667;0
0,2;0,75;0,03125;1;1;0
0,2;0,75;0,0625;0,1;0,466666666666667;0,384615384615385
0,2;0,75;0,0625;0,1;0,533333333333333;0,230769230769231
0,2;0,75;0,0625;0,1;0,566666666666667;0,153846153846154
0,2;0,75;0,0625;0,1;0,6;0,0769230769230769
0,2;0,75;0,0625;0,1;0,633333333333333;0
0,2;0,75;0,0625;0,1;0,666666666666667;0
0,2;0,75;0,0625;0,1;1;0
0,2;0,75;0,0625;0,6;0,466666666666667;0,384615384615385
0,2;0,75;0,0625;0,6;0,533333333333333;0,230769230769231
0,2;0,75;0,0625;0,6;0,566666666666667;0,153846153846154
0,2;0,75;0,0625;0,6;0,6;0,0769230769230769
0,2;0,75;0,0625;0,6;0,633333333333333;0
0,2;0,75;0,0625;0,6;0,666666666666667;0
0,2;0,75;0,0625;0,6;1;0
0,2;0,75;0,0625;1;0,466666666666667;0,384615384615385
0,2;0,75;0,0625;1;0,533333333333333;0,230769230769231
0,2;0,75;0,0625;1;0,566666666666667;0,153846153846154
0,2;0,75;0,0625;1;0,6;0,0769230769230769
0,2;0,75;0,0625;1;0,633333333333333;0
0,2;0,75;0,0625;1;0,666666666666667;0
0,2;0,75;0,0625;1;1;0
0,2;0,75;0,125;0,1;0,466666666666667;0,384615384615385
0,2;0,75;0,125;0,1;0,533333333333333;0,230769230769231
0,2;0,75;0,125;0,1;0,566666666666667;0,153846153846154
0,2;0,75;0,125;0,1;0,6;0,0769230769230769
0,2;0,75;0,125;0,1;0,633333333333333;0
0,2;0,75;0,125;0,1;0,666666666666667;0
0,2;0,75;0,125;0,1;1;0
0,2;0,75;0,125;0,6;0,466666666666667;0,384615384615385
0,2;0,75;0,125;0,6;0,533333333333333;0,230769230769231
0,2;0,75;0,125;0,6;0,566666666666667;0,153846153846154
0,2;0,75;0,125;0,6;0,6;0,0769230769230769
0,2;0,75;0,125;0,6;0,633333333333333;0
0,2;0,75;0,125;0,6;0,666666666666667;0
0,2;0,75;0,125;0,6;1;0
0,2;0,75;0,125;1;0,466666666666667;0,384615384615385
0,2;0,75;0,125;1;0,533333333333333;0,230769230769231
0,2;0,75;0,125;1;0,566666666666667;0,153846153846154
0,2;0,75;0,125;1;0,6;0,0769230769230769
0,2;0,75;0,125;1;0,633333333333333;0
0,2;0,75;0,125;1;0,666666666666667;0
0,2;0,75;0,125;1;1;0
0,2;0,75;0,25;0,1;0,466666666666667;0,384615384615385
0,2;0,75;0,25;0,1;0,533333333333333;0,230769230769231
0,2;0,75;0,25;0,1;0,566666666666667;0,153846153846154
0,2;0,75;0,25;0,1;0,6;0,0769230769230769
0,2;0,75;0,25;0,1;0,633333333333333;0
0,2;0,75;0,25;0,1;0,666666666666667;0
0,2;0,75;0,25;0,1;1;0
0,2;0,75;0,25;0,6;0,466666666666667;0,384615384615385
0,2;0,75;0,25;0,6;0,533333333333333;0,230769230769231
0,2;0,75;0,25;0,6;0,566666666666667;0,153846153846154
0,2;0,75;0,25;0,6;0,6;0,0769230769230769
0,2;0,75;0,25;0,6;0,633333333333333;0
0,2;0,75;0,25;0,6;0,666666666666667;0
0,2;0,75;0,25;0,6;1;0
0,2;0,75;0,25;1;0,466666666666667;0,384615384615385
0,2;0,75;0,25;1;0,533333333333333;0,230769230769231
0,2;0,75;0,25;1;0,566666666666667;0,153846153846154
0,2;0,75;0,25;1;0,6;0,0769230769230769
0,2;0,75;0,25;1;0,633333333333333;0
0,2;0,75;0,25;1;0,666666666666667;0
0,2;0,75;0,25;1;1;0
0,2;0,75;0,5;0,1;0,466666666666667;0,846153846153846
0,2;0,75;0,5;0,1;0,533333333333333;0,692307692307692
0,2;0,75;0,5;0,1;0,566666666666667;0,615384615384615
0,2;0,75;0,5;0,1;0,6;0,692307692307692
0,2;0,75;0,5;0,1;0,633333333333333;0,692307692307692
0,2;0,75;0,5;0,1;0,666666666666667;0,538461538461538
0,2;0,75;0,5;0,1;1;0,538461538461538
0,2;0,75;0,5;0,6;0,466666666666667;0,384615384615385
0,2;0,75;0,5;0,6;0,533333333333333;0,230769230769231
0,2;0,75;0,5;0,6;0,566666666666667;0,153846153846154
0,2;0,75;0,5;0,6;0,6;0,0769230769230769
0,2;0,75;0,5;0,6;0,633333333333333;0
0,2;0,75;0,5;0,6;0,666666666666667;0
0,2;0,75;0,5;0,6;1;0
0,2;0,75;0,5;1;0,466666666666667;0,384615384615385
0,2;0,75;0,5;1;0,533333333333333;0,230769230769231
0,2;0,75;0,5;1;0,566666666666667;0,153846153846154
0,2;0,75;0,5;1;0,6;0,0769230769230769
0,2;0,75;0,5;1;0,633333333333333;0
0,2;0,75;0,5;1;0,666666666666667;0
0,2;0,75;0,5;1;1;0
0,2;0,75;0,75;0,6;0,466666666666667;0,384615384615385
0,2;0,75;0,75;0,6;0,533333333333333;0,307692307692308
0,2;0,75;0,75;0,6;0,566666666666667;0,230769230769231
0,2;0,75;0,75;0,6;0,6;0,230769230769231
0,2;0,75;0,75;0,6;0,633333333333333;0,153846153846154
0,2;0,75;0,75;0,6;0,666666666666667;0,0769230769230769
0,2;0,75;0,75;0,6;1;0,0769230769230769
0,2;0,75;0,75;1;0,466666666666667;0,384615384615385
0,2;0,75;0,75;1;0,533333333333333;0,230769230769231
0,2;0,75;0,75;1;0,566666666666667;0,153846153846154
0,2;0,75;0,75;1;0,6;0,0769230769230769
0,2;0,75;0,75;1;0,633333333333333;0
0,2;0,75;0,75;1;0,666666666666667;0
0,2;0,75;0,75;1;1;0
0,2;0,75;1;0,6;0,466666666666667;0,923076923076923
0,2;0,75;1;0,6;0,533333333333333;0,923076923076923
0,2;0,75;1;0,6;0,566666666666667;0,923076923076923
0,2;0,75;1;0,6;0,6;1
0,2;0,75;1;0,6;0,633333333333333;0,923076923076923
0,2;0,75;1;0,6;0,666666666666667;0,846153846153846
0,2;0,75;1;0,6;1;0,846153846153846
0,2;0,75;1;1;0,466666666666667;0,461538461538462
0,2;0,75;1;1;0,533333333333333;0,230769230769231
0,2;0,75;1;1;0,566666666666667;0,153846153846154
0,2;0,75;1;1;0,6;0,0769230769230769
0,2;0,75;1;1;0,633333333333333;0,0769230769230769
0,2;0,75;1;1;0,666666666666667;0
0,2;0,75;1;1;1;0
0,2;1;0;0,1;0,466666666666667;0,384615384615385
0,2;1;0;0,1;0,533333333333333;0,230769230769231
0,2;1;0;0,1;0,566666666666667;0,153846153846154
0,2;1;0;0,1;0,6;0,0769230769230769
0,2;1;0;0,1;0,633333333333333;0
0,2;1;0;0,1;0,666666666666667;0
0,2;1;0;0,1;1;0
0,2;1;0;0,6;0,466666666666667;0,384615384615385
0,2;1;0;0,6;0,533333333333333;0,230769230769231
0,2;1;0;0,6;0,566666666666667;0,153846153846154
0,2;1;0;0,6;0,6;0,0769230769230769
0,2;1;0;0,6;0,633333333333333;0
0,2;1;0;0,6;0,666666666666667;0
0,2;1;0;0,6;1;0
0,2;1;0;1;0,466666666666667;0,384615384615385
0,2;1;0;1;0,533333333333333;0,230769230769231
0,2;1;0;1;0,566666666666667;0,153846153846154
0,2;1;0;1;0,6;0,0769230769230769
0,2;1;0;1;0,633333333333333;0
0,2;1;0;1;0,666666666666667;0
0,2;1;0;1;1;0
0,2;1;0,015625;0,1;0,466666666666667;0,384615384615385
0,2;1;0,015625;0,1;0,533333333333333;0,230769230769231
0,2;1;0,015625;0,1;0,566666666666667;0,153846153846154
0,2;1;0,015625;0,1;0,6;0,0769230769230769
0,2;1;0,015625;0,1;0,633333333333333;0
0,2;1;0,015625;0,1;0,666666666666667;0
0,2;1;0,015625;0,1;1;0
0,2;1;0,015625;0,6;0,466666666666667;0,384615384615385
0,2;1;0,015625;0,6;0,533333333333333;0,230769230769231
0,2;1;0,015625;0,6;0,566666666666667;0,153846153846154
0,2;1;0,015625;0,6;0,6;0,0769230769230769
0,2;1;0,015625;0,6;0,633333333333333;0
0,2;1;0,015625;0,6;0,666666666666667;0
0,2;1;0,015625;0,6;1;0
0,2;1;0,015625;1;0,466666666666667;0,384615384615385
0,2;1;0,015625;1;0,533333333333333;0,230769230769231
0,2;1;0,015625;1;0,566666666666667;0,153846153846154
0,2;1;0,015625;1;0,6;0,0769230769230769
0,2;1;0,015625;1;0,633333333333333;0
0,2;1;0,015625;1;0,666666666666667;0
0,2;1;0,015625;1;1;0
0,2;1;0,03125;0,1;0,466666666666667;0,384615384615385
0,2;1;0,03125;0,1;0,533333333333333;0,230769230769231
0,2;1;0,03125;0,1;0,566666666666667;0,153846153846154
0,2;1;0,03125;0,1;0,6;0,0769230769230769
0,2;1;0,03125;0,1;0,633333333333333;0
0,2;1;0,03125;0,1;0,666666666666667;0
0,2;1;0,03125;0,1;1;0
0,2;1;0,03125;0,6;0,466666666666667;0,384615384615385
0,2;1;0,03125;0,6;0,533333333333333;0,230769230769231
0,2;1;0,03125;0,6;0,566666666666667;0,153846153846154
0,2;1;0,03125;0,6;0,6;0,0769230769230769
0,2;1;0,03125;0,6;0,633333333333333;0
0,2;1;0,03125;0,6;0,666666666666667;0
0,2;1;0,03125;0,6;1;0
0,2;1;0,03125;1;0,466666666666667;0,384615384615385
0,2;1;0,03125;1;0,533333333333333;0,230769230769231
0,2;1;0,03125;1;0,566666666666667;0,153846153846154
0,2;1;0,03125;1;0,6;0,0769230769230769
0,2;1;0,03125;1;0,633333333333333;0
0,2;1;0,03125;1;0,666666666666667;0
0,2;1;0,03125;1;1;0
0,2;1;0,0625;0,1;0,466666666666667;0,384615384615385
0,2;1;0,0625;0,1;0,533333333333333;0,230769230769231
0,2;1;0,0625;0,1;0,566666666666667;0,153846153846154
0,2;1;0,0625;0,1;0,6;0,0769230769230769
0,2;1;0,0625;0,1;0,633333333333333;0
0,2;1;0,0625;0,1;0,666666666666667;0
0,2;1;0,0625;0,1;1;0
0,2;1;0,0625;0,6;0,466666666666667;0,384615384615385
0,2;1;0,0625;0,6;0,533333333333333;0,230769230769231
0,2;1;0,0625;0,6;0,566666666666667;0,153846153846154
0,2;1;0,0625;0,6;0,6;0,0769230769230769
0,2;1;0,0625;0,6;0,633333333333333;0
0,2;1;0,0625;0,6;0,666666666666667;0
0,2;1;0,0625;0,6;1;0
0,2;1;0,0625;1;0,466666666666667;0,384615384615385
0,2;1;0,0625;1;0,533333333333333;0,230769230769231
0,2;1;0,0625;1;0,566666666666667;0,153846153846154
0,2;1;0,0625;1;0,6;0,0769230769230769
0,2;1;0,0625;1;0,633333333333333;0
0,2;1;0,0625;1;0,666666666666667;0
0,2;1;0,0625;1;1;0
0,2;1;0,125;0,1;0,466666666666667;0,384615384615385
0,2;1;0,125;0,1;0,533333333333333;0,230769230769231
0,2;1;0,125;0,1;0,566666666666667;0,153846153846154
0,2;1;0,125;0,1;0,6;0,0769230769230769
0,2;1;0,125;0,1;0,633333333333333;0
0,2;1;0,125;0,1;0,666666666666667;0
0,2;1;0,125;0,1;1;0
0,2;1;0,125;0,6;0,466666666666667;0,384615384615385
0,2;1;0,125;0,6;0,533333333333333;0,230769230769231
0,2;1;0,125;0,6;0,566666666666667;0,153846153846154
0,2;1;0,125;0,6;0,6;0,0769230769230769
0,2;1;0,125;0,6;0,633333333333333;0
0,2;1;0,125;0,6;0,666666666666667;0
0,2;1;0,125;0,6;1;0
0,2;1;0,125;1;0,466666666666667;0,384615384615385
0,2;1;0,125;1;0,533333333333333;0,230769230769231
0,2;1;0,125;1;0,566666666666667;0,153846153846154
0,2;1;0,125;1;0,6;0,0769230769230769
0,2;1;0,125;1;0,633333333333333;0
0,2;1;0,125;1;0,666666666666667;0
0,2;1;0,125;1;1;0
0,2;1;0,25;0,1;0,466666666666667;0,384615384615385
0,2;1;0,25;0,1;0,533333333333333;0,230769230769231
0,2;1;0,25;0,1;0,566666666666667;0,153846153846154
0,2;1;0,25;0,1;0,6;0,153846153846154
0,2;1;0,25;0,1;0,633333333333333;0,0769230769230769
0,2;1;0,25;0,1;0,666666666666667;0
0,2;1;0,25;0,1;1;0
0,2;1;0,25;0,6;0,466666666666667;0,384615384615385
0,2;1;0,25;0,6;0,533333333333333;0,230769230769231
0,2;1;0,25;0,6;0,566666666666667;0,153846153846154
0,2;1;0,25;0,6;0,6;0,0769230769230769
0,2;1;0,25;0,6;0,633333333333333;0
0,2;1;0,25;0,6;0,666666666666667;0
0,2;1;0,25;0,6;1;0
0,2;1;0,25;1;0,466666666666667;0,384615384615385
0,2;1;0,25;1;0,533333333333333;0,230769230769231
0,2;1;0,25;1;0,566666666666667;0,153846153846154
0,2;1;0,25;1;0,6;0,0769230769230769
0,2;1;0,25;1;0,633333333333333;0
0,2;1;0,25;1;0,666666666666667;0
0,2;1;0,25;1;1;0
0,2;1;0,5;0,1;0,466666666666667;0,769230769230769
0,2;1;0,5;0,1;0,533333333333333;0,769230769230769
0,2;1;0,5;0,1;0,566666666666667;0,769230769230769
0,2;1;0,5;0,1;0,6;0,692307692307692
0,2;1;0,5;0,1;0,633333333333333;0,692307692307692
0,2;1;0,5;0,1;0,666666666666667;0,692307692307692
0,2;1;0,5;0,1;1;0,461538461538462
0,2;1;0,5;0,6;0,466666666666667;0,384615384615385
0,2;1;0,5;0,6;0,533333333333333;0,230769230769231
0,2;1;0,5;0,6;0,566666666666667;0,153846153846154
0,2;1;0,5;0,6;0,6;0,0769230769230769
0,2;1;0,5;0,6;0,633333333333333;0
0,2;1;0,5;0,6;0,666666666666667;0
0,2;1;0,5;0,6;1;0
0,2;1;0,5;1;0,466666666666667;0,384615384615385
0,2;1;0,5;1;0,533333333333333;0,230769230769231
0,2;1;0,5;1;0,566666666666667;0,153846153846154
0,2;1;0,5;1;0,6;0,0769230769230769
0,2;1;0,5;1;0,633333333333333;0
0,2;1;0,5;1;0,666666666666667;0
0,2;1;0,5;1;1;0
0,2;1;0,75;0,6;0,466666666666667;0,384615384615385
0,2;1;0,75;0,6;0,533333333333333;0,307692307692308
0,2;1;0,75;0,6;0,566666666666667;0,307692307692308
0,2;1;0,75;0,6;0,6;0,153846153846154
0,2;1;0,75;0,6;0,633333333333333;0,0769230769230769
0,2;1;0,75;0,6;0,666666666666667;0,0769230769230769
0,2;1;0,75;0,6;1;0
0,2;1;0,75;1;0,466666666666667;0,461538461538462
0,2;1;0,75;1;0,533333333333333;0,230769230769231
0,2;1;0,75;1;0,566666666666667;0,153846153846154
0,2;1;0,75;1;0,6;0,0769230769230769
0,2;1;0,75;1;0,633333333333333;0
0,2;1;0,75;1;0,666666666666667;0
0,2;1;0,75;1;1;0
0,2;1;1;0,6;0,466666666666667;1
0,2;1;1;0,6;0,533333333333333;1
0,2;1;1;0,6;0,566666666666667;1
0,2;1;1;0,6;0,6;1
0,2;1;1;0,6;0,633333333333333;1
0,2;1;1;0,6;0,666666666666667;1
0,2;1;1;0,6;1;1
0,2;1;1;1;0,466666666666667;0,833333333333333
0,2;1;1;1;0,533333333333333;0,666666666666667
0,2;1;1;1;0,566666666666667;0,333333333333333
0,2;1;1;1;0,6;0,166666666666667
0,2;1;1;1;0,633333333333333;0,333333333333333
0,2;1;1;1;0,666666666666667;0,166666666666667
0,2;1;1;1;1;0
0,6;0,25;0;0,1;0,466666666666667;0,166666666666667
0,6;0,25;0;0,1;0,533333333333333;0,166666666666667
0,6;0,25;0;0,1;0,566666666666667;0,166666666666667
0,6;0,25;0;0,1;0,6;0
0,6;0,25;0;0,1;0,633333333333333;0
0,6;0,25;0;0,1;0,666666666666667;0
0,6;0,25;0;0,1;1;0
0,6;0,25;0;0,6;0,466666666666667;0,166666666666667
0,6;0,25;0;0,6;0,533333333333333;0,166666666666667
0,6;0,25;0;0,6;0,566666666666667;0,166666666666667
0,6;0,25;0;0,6;0,6;0
0,6;0,25;0;0,6;0,633333333333333;0
0,6;0,25;0;0,6;0,666666666666667;0
0,6;0,25;0;0,6;1;0
0,6;0,25;0;1;0,466666666666667;0,166666666666667
0,6;0,25;0;1;0,533333333333333;0,166666666666667
0,6;0,25;0;1;0,566666666666667;0,166666666666667
0,6;0,25;0;1;0,6;0
0,6;0,25;0;1;0,633333333333333;0
0,6;0,25;0;1;0,666666666666667;0
0,6;0,25;0;1;1;0
0,6;0,25;0,015625;0,1;0,466666666666667;0,166666666666667
0,6;0,25;0,015625;0,1;0,533333333333333;0,166666666666667
0,6;0,25;0,015625;0,1;0,566666666666667;0,166666666666667
0,6;0,25;0,015625;0,1;0,6;0
0,6;0,25;0,015625;0,1;0,633333333333333;0
0,6;0,25;0,015625;0,1;0,666666666666667;0
0,6;0,25;0,015625;0,1;1;0
0,6;0,25;0,015625;0,6;0,466666666666667;0,166666666666667
0,6;0,25;0,015625;0,6;0,533333333333333;0,166666666666667
0,6;0,25;0,015625;0,6;0,566666666666667;0,166666666666667
0,6;0,25;0,015625;0,6;0,6;0
0,6;0,25;0,015625;0,6;0,633333333333333;0
0,6;0,25;0,015625;0,6;0,666666666666667;0
0,6;0,25;0,015625;0,6;1;0
0,6;0,25;0,015625;1;0,466666666666667;0,166666666666667
0,6;0,25;0,015625;1;0,533333333333333;0,166666666666667
0,6;0,25;0,015625;1;0,566666666666667;0,166666666666667
0,6;0,25;0,015625;1;0,6;0
0,6;0,25;0,015625;1;0,633333333333333;0
0,6;0,25;0,015625;1;0,666666666666667;0
0,6;0,25;0,015625;1;1;0
0,6;0,25;0,03125;0,1;0,466666666666667;0,166666666666667
0,6;0,25;0,03125;0,1;0,533333333333333;0,166666666666667
0,6;0,25;0,03125;0,1;0,566666666666667;0,166666666666667
0,6;0,25;0,03125;0,1;0,6;0
0,6;0,25;0,03125;0,1;0,633333333333333;0
0,6;0,25;0,03125;0,1;0,666666666666667;0
0,6;0,25;0,03125;0,1;1;0
0,6;0,25;0,03125;0,6;0,466666666666667;0,166666666666667
0,6;0,25;0,03125;0,6;0,533333333333333;0,166666666666667
0,6;0,25;0,03125;0,6;0,566666666666667;0,166666666666667
0,6;0,25;0,03125;0,6;0,6;0
0,6;0,25;0,03125;0,6;0,633333333333333;0
0,6;0,25;0,03125;0,6;0,666666666666667;0
0,6;0,25;0,03125;0,6;1;0
0,6;0,25;0,03125;1;0,466666666666667;0,166666666666667
0,6;0,25;0,03125;1;0,533333333333333;0,166666666666667
0,6;0,25;0,03125;1;0,566666666666667;0,166666666666667
0,6;0,25;0,03125;1;0,6;0
0,6;0,25;0,03125;1;0,633333333333333;0
0,6;0,25;0,03125;1;0,666666666666667;0
0,6;0,25;0,03125;1;1;0
0,6;0,25;0,0625;0,1;0,466666666666667;0,166666666666667
0,6;0,25;0,0625;0,1;0,533333333333333;0,166666666666667
0,6;0,25;0,0625;0,1;0,566666666666667;0,166666666666667
0,6;0,25;0,0625;0,1;0,6;0
0,6;0,25;0,0625;0,1;0,633333333333333;0
0,6;0,25;0,0625;0,1;0,666666666666667;0
0,6;0,25;0,0625;0,1;1;0
0,6;0,25;0,0625;0,6;0,466666666666667;0,166666666666667
0,6;0,25;0,0625;0,6;0,533333333333333;0,166666666666667
0,6;0,25;0,0625;0,6;0,566666666666667;0,166666666666667
0,6;0,25;0,0625;0,6;0,6;0
0,6;0,25;0,0625;0,6;0,633333333333333;0
0,6;0,25;0,0625;0,6;0,666666666666667;0
0,6;0,25;0,0625;0,6;1;0
0,6;0,25;0,0625;1;0,466666666666667;0,166666666666667
0,6;0,25;0,0625;1;0,533333333333333;0,166666666666667
0,6;0,25;0,0625;1;0,566666666666667;0,166666666666667
0,6;0,25;0,0625;1;0,6;0
0,6;0,25;0,0625;1;0,633333333333333;0
0,6;0,25;0,0625;1;0,666666666666667;0
0,6;0,25;0,0625;1;1;0
0,6;0,25;0,125;0,1;0,466666666666667;0,166666666666667
0,6;0,25;0,125;0,1;0,533333333333333;0,166666666666667
0,6;0,25;0,125;0,1;0,566666666666667;0,166666666666667
0,6;0,25;0,125;0,1;0,6;0
0,6;0,25;0,125;0,1;0,633333333333333;0
0,6;0,25;0,125;0,1;0,666666666666667;0
0,6;0,25;0,125;0,1;1;0
0,6;0,25;0,125;0,6;0,466666666666667;0,166666666666667
0,6;0,25;0,125;0,6;0,533333333333333;0,166666666666667
0,6;0,25;0,125;0,6;0,566666666666667;0,166666666666667
0,6;0,25;0,125;0,6;0,6;0
0,6;0,25;0,125;0,6;0,633333333333333;0
0,6;0,25;0,125;0,6;0,666666666666667;0
0,6;0,25;0,125;0,6;1;0
0,6;0,25;0,125;1;0,466666666666667;0,166666666666667
0,6;0,25;0,125;1;0,533333333333333;0,166666666666667
0,6;0,25;0,125;1;0,566666666666667;0,166666666666667
0,6;0,25;0,125;1;0,6;0
0,6;0,25;0,125;1;0,633333333333333;0
0,6;0,25;0,125;1;0,666666666666667;0
0,6;0,25;0,125;1;1;0
0,6;0,25;0,25;0,1;0,466666666666667;0,166666666666667
0,6;0,25;0,25;0,1;0,533333333333333;0,166666666666667
0,6;0,25;0,25;0,1;0,566666666666667;0,166666666666667
0,6;0,25;0,25;0,1;0,6;0
0,6;0,25;0,25;0,1;0,633333333333333;0
0,6;0,25;0,25;0,1;0,666666666666667;0
0,6;0,25;0,25;0,1;1;0
0,6;0,25;0,25;0,6;0,466666666666667;0,166666666666667
0,6;0,25;0,25;0,6;0,533333333333333;0,166666666666667
0,6;0,25;0,25;0,6;0,566666666666667;0,166666666666667
0,6;0,25;0,25;0,6;0,6;0
0,6;0,25;0,25;0,6;0,633333333333333;0
0,6;0,25;0,25;0,6;0,666666666666667;0
0,6;0,25;0,25;0,6;1;0
0,6;0,25;0,25;1;0,466666666666667;0,166666666666667
0,6;0,25;0,25;1;0,533333333333333;0,166666666666667
0,6;0,25;0,25;1;0,566666666666667;0,166666666666667
0,6;0,25;0,25;1;0,6;0
0,6;0,25;0,25;1;0,633333333333333;0
0,6;0,25;0,25;1;0,666666666666667;0
0,6;0,25;0,25;1;1;0
0,6;0,25;0,5;0,1;0,466666666666667;0,666666666666667
0,6;0,25;0,5;0,1;0,533333333333333;0,666666666666667
0,6;0,25;0,5;0,1;0,566666666666667;0,666666666666667
0,6;0,25;0,5;0,1;0,6;0,5
0,6;0,25;0,5;0,1;0,633333333333333;0,666666666666667
0,6;0,25;0,5;0,1;0,666666666666667;0,5
0,6;0,25;0,5;0,1;1;0,333333333333333
0,6;0,25;0,5;0,6;0,466666666666667;0,166666666666667
0,6;0,25;0,5;0,6;0,533333333333333;0,166666666666667
0,6;0,25;0,5;0,6;0,566666666666667;0,166666666666667
0,6;0,25;0,5;0,6;0,6;0
0,6;0,25;0,5;0,6;0,633333333333333;0
0,6;0,25;0,5;0,6;0,666666666666667;0
0,6;0,25;0,5;0,6;1;0
0,6;0,25;0,5;1;0,466666666666667;0,166666666666667
0,6;0,25;0,5;1;0,533333333333333;0,166666666666667
0,6;0,25;0,5;1;0,566666666666667;0,166666666666667
0,6;0,25;0,5;1;0,6;0
0,6;0,25;0,5;1;0,633333333333333;0
0,6;0,25;0,5;1;0,666666666666667;0
0,6;0,25;0,5;1;1;0
0,6;0,25;0,75;0,6;0,466666666666667;0,166666666666667
0,6;0,25;0,75;0,6;0,533333333333333;0,166666666666667
0,6;0,25;0,75;0,6;0,566666666666667;0,166666666666667
0,6;0,25;0,75;0,6;0,6;0,166666666666667
0,6;0,25;0,75;0,6;0,633333333333333;0
0,6;0,25;0,75;0,6;0,666666666666667;0
0,6;0,25;0,75;0,6;1;0
0,6;0,25;0,75;1;0,466666666666667;0,166666666666667
0,6;0,25;0,75;1;0,533333333333333;0,166666666666667
0,6;0,25;0,75;1;0,566666666666667;0,166666666666667
0,6;0,25;0,75;1;0,6;0
0,6;0,25;0,75;1;0,633333333333333;0
0,6;0,25;0,75;1;0,666666666666667;0
0,6;0,25;0,75;1;1;0
0,6;0,25;1;0,6;0,466666666666667;1
0,6;0,25;1;0,6;0,533333333333333;0,833333333333333
0,6;0,25;1;0,6;0,566666666666667;0,666666666666667
0,6;0,25;1;0,6;0,6;0,833333333333333
0,6;0,25;1;0,6;0,633333333333333;0,833333333333333
0,6;0,25;1;0,6;0,666666666666667;0,833333333333333
0,6;0,25;1;0,6;1;0,833333333333333
0,6;0,25;1;1;0,466666666666667;0,166666666666667
0,6;0,25;1;1;0,533333333333333;0,166666666666667
0,6;0,25;1;1;0,566666666666667;0,166666666666667
0,6;0,25;1;1;0,6;0,166666666666667
0,6;0,25;1;1;0,633333333333333;0,166666666666667
0,6;0,25;1;1;0,666666666666667;0
0,6;0,25;1;1;1;0
0,6;0,75;0;0,1;0,466666666666667;0,166666666666667
0,6;0,75;0;0,1;0,533333333333333;0
0,6;0,75;0;0,1;0,566666666666667;0
0,6;0,75;0;0,1;0,6;0
0,6;0,75;0;0,1;0,633333333333333;0
0,6;0,75;0;0,1;0,666666666666667;0
0,6;0,75;0;0,1;1;0
0,6;0,75;0;0,6;0,466666666666667;0,166666666666667
0,6;0,75;0;0,6;0,533333333333333;0
0,6;0,75;0;0,6;0,566666666666667;0
0,6;0,75;0;0,6;0,6;0
0,6;0,75;0;0,6;0,633333333333333;0
0,6;0,75;0;0,6;0,666666666666667;0
0,6;0,75;0;0,6;1;0
0,6;0,75;0;1;0,466666666666667;0,166666666666667
0,6;0,75;0;1;0,533333333333333;0
0,6;0,75;0;1;0,566666666666667;0
0,6;0,75;0;1;0,6;0
0,6;0,75;0;1;0,633333333333333;0
0,6;0,75;0;1;0,666666666666667;0
0,6;0,75;0;1;1;0
0,6;0,75;0,015625;0,1;0,466666666666667;0,166666666666667
0,6;0,75;0,015625;0,1;0,533333333333333;0
0,6;0,75;0,015625;0,1;0,566666666666667;0
0,6;0,75;0,015625;0,1;0,6;0
0,6;0,75;0,015625;0,1;0,633333333333333;0
0,6;0,75;0,015625;0,1;0,666666666666667;0
0,6;0,75;0,015625;0,1;1;0
0,6;0,75;0,015625;0,6;0,466666666666667;0,166666666666667
0,6;0,75;0,015625;0,6;0,533333333333333;0
0,6;0,75;0,015625;0,6;0,566666666666667;0
0,6;0,75;0,015625;0,6;0,6;0
0,6;0,75;0,015625;0,6;0,633333333333333;0
0,6;0,75;0,015625;0,6;0,666666666666667;0
0,6;0,75;0,015625;0,6;1;0
0,6;0,75;0,015625;1;0,466666666666667;0,166666666666667
0,6;0,75;0,015625;1;0,533333333333333;0
0,6;0,75;0,015625;1;0,566666666666667;0
0,6;0,75;0,015625;1;0,6;0
0,6;0,75;0,015625;1;0,633333333333333;0
0,6;0,75;0,015625;1;0,666666666666667;0
0,6;0,75;0,015625;1;1;0
0,6;0,75;0,03125;0,1;0,466666666666667;0,166666666666667
0,6;0,75;0,03125;0,1;0,533333333333333;0
0,6;0,75;0,03125;0,1;0,566666666666667;0
0,6;0,75;0,03125;0,1;0,6;0
0,6;0,75;0,03125;0,1;0,633333333333333;0
0,6;0,75;0,03125;0,1;0,666666666666667;0
0,6;0,75;0,03125;0,1;1;0
0,6;0,75;0,03125;0,6;0,466666666666667;0,166666666666667
0,6;0,75;0,03125;0,6;0,533333333333333;0
0,6;0,75;0,03125;0,6;0,566666666666667;0
0,6;0,75;0,03125;0,6;0,6;0
0,6;0,75;0,03125;0,6;0,633333333333333;0
0,6;0,75;0,03125;0,6;0,666666666666667;0
0,6;0,75;0,03125;0,6;1;0
0,6;0,75;0,03125;1;0,466666666666667;0,166666666666667
0,6;0,75;0,03125;1;0,533333333333333;0
0,6;0,75;0,03125;1;0,566666666666667;0
0,6;0,75;0,03125;1;0,6;0
0,6;0,75;0,03125;1;0,633333333333333;0
0,6;0,75;0,03125;1;0,666666666666667;0
0,6;0,75;0,03125;1;1;0
0,6;0,75;0,0625;0,1;0,466666666666667;0,166666666666667
0,6;0,75;0,0625;0,1;0,533333333333333;0
0,6;0,75;0,0625;0,1;0,566666666666667;0
0,6;0,75;0,0625;0,1;0,6;0
0,6;0,75;0,0625;0,1;0,633333333333333;0
0,6;0,75;0,0625;0,1;0,666666666666667;0
0,6;0,75;0,0625;0,1;1;0
0,6;0,75;0,0625;0,6;0,466666666666667;0,166666666666667
0,6;0,75;0,0625;0,6;0,533333333333333;0
0,6;0,75;0,0625;0,6;0,566666666666667;0
0,6;0,75;0,0625;0,6;0,6;0
0,6;0,75;0,0625;0,6;0,633333333333333;0
0,6;0,75;0,0625;0,6;0,666666666666667;0
0,6;0,75;0,0625;0,6;1;0
0,6;0,75;0,0625;1;0,466666666666667;0,166666666666667
0,6;0,75;0,0625;1;0,533333333333333;0
0,6;0,75;0,0625;1;0,566666666666667;0
0,6;0,75;0,0625;1;0,6;0
0,6;0,75;0,0625;1;0,633333333333333;0
0,6;0,75;0,0625;1;0,666666666666667;0
0,6;0,75;0,0625;1;1;0
0,6;0,75;0,125;0,1;0,466666666666667;0,166666666666667
0,6;0,75;0,125;0,1;0,533333333333333;0
0,6;0,75;0,125;0,1;0,566666666666667;0
0,6;0,75;0,125;0,1;0,6;0
0,6;0,75;0,125;0,1;0,633333333333333;0
0,6;0,75;0,125;0,1;0,666666666666667;0
0,6;0,75;0,125;0,1;1;0
0,6;0,75;0,125;0,6;0,466666666666667;0,166666666666667
0,6;0,75;0,125;0,6;0,533333333333333;0
0,6;0,75;0,125;0,6;0,566666666666667;0
0,6;0,75;0,125;0,6;0,6;0
0,6;0,75;0,125;0,6;0,633333333333333;0
0,6;0,75;0,125;0,6;0,666666666666667;0
0,6;0,75;0,125;0,6;1;0
0,6;0,75;0,125;1;0,466666666666667;0,166666666666667
0,6;0,75;0,125;1;0,533333333333333;0
0,6;0,75;0,125;1;0,566666666666667;0
0,6;0,75;0,125;1;0,6;0
0,6;0,75;0,125;1;0,633333333333333;0
0,6;0,75;0,125;1;0,666666666666667;0
0,6;0,75;0,125;1;1;0
0,6;0,75;0,25;0,1;0,466666666666667;0,166666666666667
0,6;0,75;0,25;0,1;0,533333333333333;0
0,6;0,75;0,25;0,1;0,566666666666667;0
0,6;0,75;0,25;0,1;0,6;0
0,6;0,75;0,25;0,1;0,633333333333333;0
0,6;0,75;0,25;0,1;0,666666666666667;0
0,6;0,75;0,25;0,1;1;0
0,6;0,75;0,25;0,6;0,466666666666667;0,166666666666667
0,6;0,75;0,25;0,6;0,533333333333333;0
0,6;0,75;0,25;0,6;0,566666666666667;0
0,6;0,75;0,25;0,6;0,6;0
0,6;0,75;0,25;0,6;0,633333333333333;0
0,6;0,75;0,25;0,6;0,666666666666667;0
0,6;0,75;0,25;0,6;1;0
0,6;0,75;0,25;1;0,466666666666667;0,166666666666667
0,6;0,75;0,25;1;0,533333333333333;0
0,6;0,75;0,25;1;0,566666666666667;0
0,6;0,75;0,25;1;0,6;0
0,6;0,75;0,25;1;0,633333333333333;0
0,6;0,75;0,25;1;0,666666666666667;0
0,6;0,75;0,25;1;1;0
0,6;0,75;0,5;0,1;0,466666666666667;0,666666666666667
0,6;0,75;0,5;0,1;0,533333333333333;0,666666666666667
0,6;0,75;0,5;0,1;0,566666666666667;0,666666666666667
0,6;0,75;0,5;0,1;0,6;0,5
0,6;0,75;0,5;0,1;0,633333333333333;0,666666666666667
0,6;0,75;0,5;0,1;0,666666666666667;0,5
0,6;0,75;0,5;0,1;1;0,333333333333333
0,6;0,75;0,5;0,6;0,466666666666667;0,166666666666667
0,6;0,75;0,5;0,6;0,533333333333333;0
0,6;0,75;0,5;0,6;0,566666666666667;0
0,6;0,75;0,5;0,6;0,6;0
0,6;0,75;0,5;0,6;0,633333333333333;0
0,6;0,75;0,5;0,6;0,666666666666667;0
0,6;0,75;0,5;0,6;1;0
0,6;0,75;0,5;1;0,466666666666667;0,166666666666667
0,6;0,75;0,5;1;0,533333333333333;0
0,6;0,75;0,5;1;0,566666666666667;0
0,6;0,75;0,5;1;0,6;0
0,6;0,75;0,5;1;0,633333333333333;0
0,6;0,75;0,5;1;0,666666666666667;0
0,6;0,75;0,5;1;1;0
0,6;0,75;0,75;0,6;0,466666666666667;0,166666666666667
0,6;0,75;0,75;0,6;0,533333333333333;0,166666666666667
0,6;0,75;0,75;0,6;0,566666666666667;0
0,6;0,75;0,75;0,6;0,6;0
0,6;0,75;0,75;0,6;0,633333333333333;0
0,6;0,75;0,75;0,6;0,666666666666667;0
0,6;0,75;0,75;0,6;1;0
0,6;0,75;0,75;1;0,466666666666667;0,166666666666667
0,6;0,75;0,75;1;0,533333333333333;0
0,6;0,75;0,75;1;0,566666666666667;0
0,6;0,75;0,75;1;0,6;0
0,6;0,75;0,75;1;0,633333333333333;0
0,6;0,75;0,75;1;0,666666666666667;0
0,6;0,75;0,75;1;1;0
0,6;0,75;1;0,6;0,466666666666667;0,833333333333333
0,6;0,75;1;0,6;0,533333333333333;0,833333333333333
0,6;0,75;1;0,6;0,566666666666667;0,833333333333333
0,6;0,75;1;0,6;0,6;1
0,6;0,75;1;0,6;0,633333333333333;1
0,6;0,75;1;0,6;0,666666666666667;1
0,6;0,75;1;0,6;1;0,8
0,6;0,75;1;1;0,466666666666667;0,2
0,6;0,75;1;1;0,533333333333333;0
0,6;0,75;1;1;0,566666666666667;0
0,6;0,75;1;1;0,6;0
0,6;0,75;1;1;0,633333333333333;0
0,6;0,75;1;1;0,666666666666667;0
0,6;0,75;1;1;1;0
0,6;1;0;0,1;0,466666666666667;0,2
0,6;1;0;0,1;0,533333333333333;0
0,6;1;0;0,1;0,566666666666667;0
0,6;1;0;0,1;0,6;0
0,6;1;0;0,1;0,633333333333333;0
0,6;1;0;0,1;0,666666666666667;0
0,6;1;0;0,1;1;0
0,6;1;0;0,6;0,466666666666667;0,2
0,6;1;0;0,6;0,533333333333333;0
0,6;1;0;0,6;0,566666666666667;0
0,6;1;0;0,6;0,6;0
0,6;1;0;0,6;0,633333333333333;0
0,6;1;0;0,6;0,666666666666667;0
0,6;1;0;0,6;1;0
0,6;1;0;1;0,466666666666667;0,2
0,6;1;0;1;0,533333333333333;0
0,6;1;0;1;0,566666666666667;0
0,6;1;0;1;0,6;0
0,6;1;0;1;0,633333333333333;0
0,6;1;0;1;0,666666666666667;0
0,6;1;0;1;1;0
0,6;1;0,015625;0,1;0,466666666666667;0,2
0,6;1;0,015625;0,1;0,533333333333333;0
0,6;1;0,015625;0,1;0,566666666666667;0
0,6;1;0,015625;0,1;0,6;0
0,6;1;0,015625;0,1;0,633333333333333;0
0,6;1;0,015625;0,1;0,666666666666667;0
0,6;1;0,015625;0,1;1;0
0,6;1;0,015625;0,6;0,466666666666667;0,2
0,6;1;0,015625;0,6;0,533333333333333;0
0,6;1;0,015625;0,6;0,566666666666667;0
0,6;1;0,015625;0,6;0,6;0
0,6;1;0,015625;0,6;0,633333333333333;0
0,6;1;0,015625;0,6;0,666666666666667;0
0,6;1;0,015625;0,6;1;0
0,6;1;0,015625;1;0,466666666666667;0,2
0,6;1;0,015625;1;0,533333333333333;0
0,6;1;0,015625;1;0,566666666666667;0
0,6;1;0,015625;1;0,6;0
0,6;1;0,015625;1;0,633333333333333;0
0,6;1;0,015625;1;0,666666666666667;0
0,6;1;0,015625;1;1;0
0,6;1;0,03125;0,1;0,466666666666667;0,2
0,6;1;0,03125;0,1;0,533333333333333;0
0,6;1;0,03125;0,1;0,566666666666667;0
0,6;1;0,03125;0,1;0,6;0
0,6;1;0,03125;0,1;0,633333333333333;0
0,6;1;0,03125;0,1;0,666666666666667;0
0,6;1;0,03125;0,1;1;0
0,6;1;0,03125;0,6;0,466666666666667;0,2
0,6;1;0,03125;0,6;0,533333333333333;0
0,6;1;0,03125;0,6;0,566666666666667;0
0,6;1;0,03125;0,6;0,6;0
0,6;1;0,03125;0,6;0,633333333333333;0
0,6;1;0,03125;0,6;0,666666666666667;0
0,6;1;0,03125;0,6;1;0
0,6;1;0,03125;1;0,466666666666667;0,2
0,6;1;0,03125;1;0,533333333333333;0
0,6;1;0,03125;1;0,566666666666667;0
0,6;1;0,03125;1;0,6;0
0,6;1;0,03125;1;0,633333333333333;0
0,6;1;0,03125;1;0,666666666666667;0
0,6;1;0,03125;1;1;0
0,6;1;0,0625;0,1;0,466666666666667;0,2
0,6;1;0,0625;0,1;0,533333333333333;0
0,6;1;0,0625;0,1;0,566666666666667;0
0,6;1;0,0625;0,1;0,6;0
0,6;1;0,0625;0,1;0,633333333333333;0
0,6;1;0,0625;0,1;0,666666666666667;0
0,6;1;0,0625;0,1;1;0
0,6;1;0,0625;0,6;0,466666666666667;0,2
0,6;1;0,0625;0,6;0,533333333333333;0
0,6;1;0,0625;0,6;0,566666666666667;0
0,6;1;0,0625;0,6;0,6;0
0,6;1;0,0625;0,6;0,633333333333333;0
0,6;1;0,0625;0,6;0,666666666666667;0
0,6;1;0,0625;0,6;1;0
0,6;1;0,0625;1;0,466666666666667;0,2
0,6;1;0,0625;1;0,533333333333333;0
0,6;1;0,0625;1;0,566666666666667;0
0,6;1;0,0625;1;0,6;0
0,6;1;0,0625;1;0,633333333333333;0
0,6;1;0,0625;1;0,666666666666667;0
0,6;1;0,0625;1;1;0
0,6;1;0,125;0,1;0,466666666666667;0,2
0,6;1;0,125;0,1;0,533333333333333;0
0,6;1;0,125;0,1;0,566666666666667;0
0,6;1;0,125;0,1;0,6;0
0,6;1;0,125;0,1;0,633333333333333;0
0,6;1;0,125;0,1;0,666666666666667;0
0,6;1;0,125;0,1;1;0
0,6;1;0,125;0,6;0,466666666666667;0,2
0,6;1;0,125;0,6;0,533333333333333;0
0,6;1;0,125;0,6;0,566666666666667;0
0,6;1;0,125;0,6;0,6;0
0,6;1;0,125;0,6;0,633333333333333;0
0,6;1;0,125;0,6;0,666666666666667;0
0,6;1;0,125;0,6;1;0
0,6;1;0,125;1;0,466666666666667;0,2
0,6;1;0,125;1;0,533333333333333;0
0,6;1;0,125;1;0,566666666666667;0
0,6;1;0,125;1;0,6;0
0,6;1;0,125;1;0,633333333333333;0
0,6;1;0,125;1;0,666666666666667;0
0,6;1;0,125;1;1;0
0,6;1;0,25;0,1;0,466666666666667;0,2
0,6;1;0,25;0,1;0,533333333333333;0
0,6;1;0,25;0,1;0,566666666666667;0
0,6;1;0,25;0,1;0,6;0
0,6;1;0,25;0,1;0,633333333333333;0
0,6;1;0,25;0,1;0,666666666666667;0
0,6;1;0,25;0,1;1;0
0,6;1;0,25;0,6;0,466666666666667;0,2
0,6;1;0,25;0,6;0,533333333333333;0
0,6;1;0,25;0,6;0,566666666666667;0
0,6;1;0,25;0,6;0,6;0
0,6;1;0,25;0,6;0,633333333333333;0
0,6;1;0,25;0,6;0,666666666666667;0
0,6;1;0,25;0,6;1;0
0,6;1;0,25;1;0,466666666666667;0,2
0,6;1;0,25;1;0,533333333333333;0
0,6;1;0,25;1;0,566666666666667;0
0,6;1;0,25;1;0,6;0
0,6;1;0,25;1;0,633333333333333;0
0,6;1;0,25;1;0,666666666666667;0
0,6;1;0,25;1;1;0
0,6;1;0,5;0,1;0,466666666666667;0,8
0,6;1;0,5;0,1;0,533333333333333;0,8
0,6;1;0,5;0,1;0,566666666666667;0,6
0,6;1;0,5;0,1;0,6;0,6
0,6;1;0,5;0,1;0,633333333333333;0,6
0,6;1;0,5;0,1;0,666666666666667;0,8
0,6;1;0,5;0,1;1;0,6
0,6;1;0,5;0,6;0,466666666666667;0,2
0,6;1;0,5;0,6;0,533333333333333;0
0,6;1;0,5;0,6;0,566666666666667;0
0,6;1;0,5;0,6;0,6;0
0,6;1;0,5;0,6;0,633333333333333;0
0,6;1;0,5;0,6;0,666666666666667;0
0,6;1;0,5;0,6;1;0
0,6;1;0,5;1;0,466666666666667;0,2
0,6;1;0,5;1;0,533333333333333;0
0,6;1;0,5;1;0,566666666666667;0
0,6;1;0,5;1;0,6;0
0,6;1;0,5;1;0,633333333333333;0
0,6;1;0,5;1;0,666666666666667;0
0,6;1;0,5;1;1;0
0,6;1;0,75;0,6;0,466666666666667;0,2
0,6;1;0,75;0,6;0,533333333333333;0,2
0,6;1;0,75;0,6;0,566666666666667;0
0,6;1;0,75;0,6;0,6;0
0,6;1;0,75;0,6;0,633333333333333;0
0,6;1;0,75;0,6;0,666666666666667;0
0,6;1;0,75;0,6;1;0
0,6;1;0,75;1;0,466666666666667;0,2
0,6;1;0,75;1;0,533333333333333;0
0,6;1;0,75;1;0,566666666666667;0
0,6;1;0,75;1;0,6;0
0,6;1;0,75;1;0,633333333333333;0
0,6;1;0,75;1;0,666666666666667;0
0,6;1;0,75;1;1;0
0,6;1;1;0,6;0,466666666666667;1
0,6;1;1;0,6;0,533333333333333;1
0,6;1;1;0,6;0,566666666666667;1
0,6;1;1;0,6;0,6;1
0,6;1;1;0,6;0,633333333333333;1
0,6;1;1;0,6;0,666666666666667;1
0,6;1;1;0,6;1;1
0,6;1;1;1;0,466666666666667;0,333333333333333
0,6;1;1;1;0,533333333333333;0
0,6;1;1;1;0,566666666666667;0
0,6;1;1;1;0,6;0
0,6;1;1;1;0,633333333333333;0
0,6;1;1;1;0,666666666666667;0
0,6;1;1;1;1;0
1;0,25;0;0,1;0,466666666666667;0,333333333333333
1;0,25;0;0,1;0,533333333333333;0,333333333333333
1;0,25;0;0,1;0,566666666666667;0
1;0,25;0;0,1;0,6;0
1;0,25;0;0,1;0,633333333333333;0
1;0,25;0;0,1;0,666666666666667;0
1;0,25;0;0,1;1;0
1;0,25;0;0,6;0,466666666666667;0,333333333333333
1;0,25;0;0,6;0,533333333333333;0,333333333333333
1;0,25;0;0,6;0,566666666666667;0
1;0,25;0;0,6;0,6;0
1;0,25;0;0,6;0,633333333333333;0
1;0,25;0;0,6;0,666666666666667;0
1;0,25;0;0,6;1;0
1;0,25;0;1;0,466666666666667;0,333333333333333
1;0,25;0;1;0,533333333333333;0,333333333333333
1;0,25;0;1;0,566666666666667;0
1;0,25;0;1;0,6;0
1;0,25;0;1;0,633333333333333;0
1;0,25;0;1;0,666666666666667;0
1;0,25;0;1;1;0
1;0,25;0,015625;0,1;0,466666666666667;0,333333333333333
1;0,25;0,015625;0,1;0,533333333333333;0,333333333333333
1;0,25;0,015625;0,1;0,566666666666667;0
1;0,25;0,015625;0,1;0,6;0
1;0,25;0,015625;0,1;0,633333333333333;0
1;0,25;0,015625;0,1;0,666666666666667;0
1;0,25;0,015625;0,1;1;0
1;0,25;0,015625;0,6;0,466666666666667;0,333333333333333
1;0,25;0,015625;0,6;0,533333333333333;0,333333333333333
1;0,25;0,015625;0,6;0,566666666666667;0
1;0,25;0,015625;0,6;0,6;0
1;0,25;0,015625;0,6;0,633333333333333;0
1;0,25;0,015625;0,6;0,666666666666667;0
1;0,25;0,015625;0,6;1;0
1;0,25;0,015625;1;0,466666666666667;0,333333333333333
1;0,25;0,015625;1;0,533333333333333;0,333333333333333
1;0,25;0,015625;1;0,566666666666667;0
1;0,25;0,015625;1;0,6;0
1;0,25;0,015625;1;0,633333333333333;0
1;0,25;0,015625;1;0,666666666666667;0
1;0,25;0,015625;1;1;0
1;0,25;0,03125;0,1;0,466666666666667;0,333333333333333
1;0,25;0,03125;0,1;0,533333333333333;0,333333333333333
1;0,25;0,03125;0,1;0,566666666666667;0
1;0,25;0,03125;0,1;0,6;0
1;0,25;0,03125;0,1;0,633333333333333;0
1;0,25;0,03125;0,1;0,666666666666667;0
1;0,25;0,03125;0,1;1;0
1;0,25;0,03125;0,6;0,466666666666667;0,333333333333333
1;0,25;0,03125;0,6;0,533333333333333;0,333333333333333
1;0,25;0,03125;0,6;0,566666666666667;0
1;0,25;0,03125;0,6;0,6;0
1;0,25;0,03125;0,6;0,633333333333333;0
1;0,25;0,03125;0,6;0,666666666666667;0
1;0,25;0,03125;0,6;1;0
1;0,25;0,03125;1;0,466666666666667;0,333333333333333
1;0,25;0,03125;1;0,533333333333333;0,333333333333333
1;0,25;0,03125;1;0,566666666666667;0
1;0,25;0,03125;1;0,6;0
1;0,25;0,03125;1;0,633333333333333;0
1;0,25;0,03125;1;0,666666666666667;0
1;0,25;0,03125;1;1;0
1;0,25;0,0625;0,1;0,466666666666667;0,333333333333333
1;0,25;0,0625;0,1;0,533333333333333;0,333333333333333
1;0,25;0,0625;0,1;0,566666666666667;0
1;0,25;0,0625;0,1;0,6;0
1;0,25;0,0625;0,1;0,633333333333333;0
1;0,25;0,0625;0,1;0,666666666666667;0
1;0,25;0,0625;0,1;1;0
1;0,25;0,0625;0,6;0,466666666666667;0,333333333333333
1;0,25;0,0625;0,6;0,533333333333333;0,333333333333333
1;0,25;0,0625;0,6;0,566666666666667;0
1;0,25;0,0625;0,6;0,6;0
1;0,25;0,0625;0,6;0,633333333333333;0
1;0,25;0,0625;0,6;0,666666666666667;0
1;0,25;0,0625;0,6;1;0
1;0,25;0,0625;1;0,466666666666667;0,333333333333333
1;0,25;0,0625;1;0,533333333333333;0,333333333333333
1;0,25;0,0625;1;0,566666666666667;0
1;0,25;0,0625;1;0,6;0
1;0,25;0,0625;1;0,633333333333333;0
1;0,25;0,0625;1;0,666666666666667;0
1;0,25;0,0625;1;1;0
1;0,25;0,125;0,1;0,466666666666667;0,333333333333333
1;0,25;0,125;0,1;0,533333333333333;0,333333333333333
1;0,25;0,125;0,1;0,566666666666667;0
1;0,25;0,125;0,1;0,6;0
1;0,25;0,125;0,1;0,633333333333333;0
1;0,25;0,125;0,1;0,666666666666667;0
1;0,25;0,125;0,1;1;0
1;0,25;0,125;0,6;0,466666666666667;0,333333333333333
1;0,25;0,125;0,6;0,533333333333333;0,333333333333333
1;0,25;0,125;0,6;0,566666666666667;0
1;0,25;0,125;0,6;0,6;0
1;0,25;0,125;0,6;0,633333333333333;0
1;0,25;0,125;0,6;0,666666666666667;0
1;0,25;0,125;0,6;1;0
1;0,25;0,125;1;0,466666666666667;0,333333333333333
1;0,25;0,125;1;0,533333333333333;0,333333333333333
1;0,25;0,125;1;0,566666666666667;0
1;0,25;0,125;1;0,6;0
1;0,25;0,125;1;0,633333333333333;0
1;0,25;0,125;1;0,666666666666667;0
1;0,25;0,125;1;1;0
1;0,25;0,25;0,1;0,466666666666667;0,333333333333333
1;0,25;0,25;0,1;0,533333333333333;0,333333333333333
1;0,25;0,25;0,1;0,566666666666667;0
1;0,25;0,25;0,1;0,6;0
1;0,25;0,25;0,1;0,633333333333333;0
1;0,25;0,25;0,1;0,666666666666667;0
1;0,25;0,25;0,1;1;0
1;0,25;0,25;0,6;0,466666666666667;0,333333333333333
1;0,25;0,25;0,6;0,533333333333333;0,333333333333333
1;0,25;0,25;0,6;0,566666666666667;0
1;0,25;0,25;0,6;0,6;0
1;0,25;0,25;0,6;0,633333333333333;0
1;0,25;0,25;0,6;0,666666666666667;0
1;0,25;0,25;0,6;1;0
1;0,25;0,25;1;0,466666666666667;0,333333333333333
1;0,25;0,25;1;0,533333333333333;0,333333333333333
1;0,25;0,25;1;0,566666666666667;0
1;0,25;0,25;1;0,6;0
1;0,25;0,25;1;0,633333333333333;0
1;0,25;0,25;1;0,666666666666667;0
1;0,25;0,25;1;1;0
1;0,25;0,5;0,1;0,466666666666667;0,666666666666667
1;0,25;0,5;0,1;0,533333333333333;0,666666666666667
1;0,25;0,5;0,1;0,566666666666667;0,666666666666667
1;0,25;0,5;0,1;0,6;0,666666666666667
1;0,25;0,5;0,1;0,633333333333333;0,666666666666667
1;0,25;0,5;0,1;0,666666666666667;0,666666666666667
1;0,25;0,5;0,1;1;0,333333333333333
1;0,25;0,5;0,6;0,466666666666667;0,333333333333333
1;0,25;0,5;0,6;0,533333333333333;0,333333333333333
1;0,25;0,5;0,6;0,566666666666667;0
1;0,25;0,5;0,6;0,6;0
1;0,25;0,5;0,6;0,633333333333333;0
1;0,25;0,5;0,6;0,666666666666667;0
1;0,25;0,5;0,6;1;0
1;0,25;0,5;1;0,466666666666667;0,333333333333333
1;0,25;0,5;1;0,533333333333333;0,333333333333333
1;0,25;0,5;1;0,566666666666667;0
1;0,25;0,5;1;0,6;0
1;0,25;0,5;1;0,633333333333333;0
1;0,25;0,5;1;0,666666666666667;0
1;0,25;0,5;1;1;0
1;0,25;0,75;0,6;0,466666666666667;0,333333333333333
1;0,25;0,75;0,6;0,533333333333333;0,333333333333333
1;0,25;0,75;0,6;0,566666666666667;0
1;0,25;0,75;0,6;0,6;0
1;0,25;0,75;0,6;0,633333333333333;0
1;0,25;0,75;0,6;0,666666666666667;0
1;0,25;0,75;0,6;1;0
1;0,25;0,75;1;0,466666666666667;0,333333333333333
1;0,25;0,75;1;0,533333333333333;0,333333333333333
1;0,25;0,75;1;0,566666666666667;0
1;0,25;0,75;1;0,6;0
1;0,25;0,75;1;0,633333333333333;0
1;0,25;0,75;1;0,666666666666667;0
1;0,25;0,75;1;1;0
1;0,25;1;0,6;0,466666666666667;1
1;0,25;1;0,6;0,533333333333333;1
1;0,25;1;0,6;0,566666666666667;1
1;0,25;1;0,6;0,6;1
1;0,25;1;0,6;0,633333333333333;1
1;0,25;1;0,6;0,666666666666667;0,666666666666667
1;0,25;1;0,6;1;0,666666666666667
1;0,25;1;1;0,466666666666667;0,333333333333333
1;0,25;1;1;0,533333333333333;0,333333333333333
1;0,25;1;1;0,566666666666667;0
1;0,25;1;1;0,6;0
1;0,25;1;1;0,633333333333333;0
1;0,25;1;1;0,666666666666667;0
1;0,25;1;1;1;0
1;0,75;0;0,1;0,466666666666667;0,333333333333333
1;0,75;0;0,1;0,533333333333333;0
1;0,75;0;0,1;0,566666666666667;0
1;0,75;0;0,1;0,6;0
1;0,75;0;0,1;0,633333333333333;0
1;0,75;0;0,1;0,666666666666667;0
1;0,75;0;0,1;1;0
1;0,75;0;0,6;0,466666666666667;0,333333333333333
1;0,75;0;0,6;0,533333333333333;0
1;0,75;0;0,6;0,566666666666667;0
1;0,75;0;0,6;0,6;0
1;0,75;0;0,6;0,633333333333333;0
1;0,75;0;0,6;0,666666666666667;0
1;0,75;0;0,6;1;0
1;0,75;0;1;0,466666666666667;0,333333333333333
1;0,75;0;1;0,533333333333333;0
1;0,75;0;1;0,566666666666667;0
1;0,75;0;1;0,6;0
1;0,75;0;1;0,633333333333333;0
1;0,75;0;1;0,666666666666667;0
1;0,75;0;1;1;0
1;0,75;0,015625;0,1;0,466666666666667;0,333333333333333
1;0,75;0,015625;0,1;0,533333333333333;0
1;0,75;0,015625;0,1;0,566666666666667;0
1;0,75;0,015625;0,1;0,6;0
1;0,75;0,015625;0,1;0,633333333333333;0
1;0,75;0,015625;0,1;0,666666666666667;0
1;0,75;0,015625;0,1;1;0
1;0,75;0,015625;0,6;0,466666666666667;0,333333333333333
1;0,75;0,015625;0,6;0,533333333333333;0
1;0,75;0,015625;0,6;0,566666666666667;0
1;0,75;0,015625;0,6;0,6;0
1;0,75;0,015625;0,6;0,633333333333333;0
1;0,75;0,015625;0,6;0,666666666666667;0
1;0,75;0,015625;0,6;1;0
1;0,75;0,015625;1;0,466666666666667;0,333333333333333
1;0,75;0,015625;1;0,533333333333333;0
1;0,75;0,015625;1;0,566666666666667;0
1;0,75;0,015625;1;0,6;0
1;0,75;0,015625;1;0,633333333333333;0
1;0,75;0,015625;1;0,666666666666667;0
1;0,75;0,015625;1;1;0
1;0,75;0,03125;0,1;0,466666666666667;0,333333333333333
1;0,75;0,03125;0,1;0,533333333333333;0
1;0,75;0,03125;0,1;0,566666666666667;0
1;0,75;0,03125;0,1;0,6;0
1;0,75;0,03125;0,1;0,633333333333333;0
1;0,75;0,03125;0,1;0,666666666666667;0
1;0,75;0,03125;0,1;1;0
1;0,75;0,03125;0,6;0,466666666666667;0,333333333333333
1;0,75;0,03125;0,6;0,533333333333333;0
1;0,75;0,03125;0,6;0,566666666666667;0
1;0,75;0,03125;0,6;0,6;0
1;0,75;0,03125;0,6;0,633333333333333;0
1;0,75;0,03125;0,6;0,666666666666667;0
1;0,75;0,03125;0,6;1;0
1;0,75;0,03125;1;0,466666666666667;0,333333333333333
1;0,75;0,03125;1;0,533333333333333;0
1;0,75;0,03125;1;0,566666666666667;0
1;0,75;0,03125;1;0,6;0
1;0,75;0,03125;1;0,633333333333333;0
1;0,75;0,03125;1;0,666666666666667;0
1;0,75;0,03125;1;1;0
1;0,75;0,0625;0,1;0,466666666666667;0,333333333333333
1;0,75;0,0625;0,1;0,533333333333333;0
1;0,75;0,0625;0,1;0,566666666666667;0
1;0,75;0,0625;0,1;0,6;0
1;0,75;0,0625;0,1;0,633333333333333;0
1;0,75;0,0625;0,1;0,666666666666667;0
1;0,75;0,0625;0,1;1;0
1;0,75;0,0625;0,6;0,466666666666667;0,333333333333333
1;0,75;0,0625;0,6;0,533333333333333;0
1;0,75;0,0625;0,6;0,566666666666667;0
1;0,75;0,0625;0,6;0,6;0
1;0,75;0,0625;0,6;0,633333333333333;0
1;0,75;0,0625;0,6;0,666666666666667;0
1;0,75;0,0625;0,6;1;0
1;0,75;0,0625;1;0,466666666666667;0,333333333333333
1;0,75;0,0625;1;0,533333333333333;0
1;0,75;0,0625;1;0,566666666666667;0
1;0,75;0,0625;1;0,6;0
1;0,75;0,0625;1;0,633333333333333;0
1;0,75;0,0625;1;0,666666666666667;0
1;0,75;0,0625;1;1;0
1;0,75;0,125;0,1;0,466666666666667;0,333333333333333
1;0,75;0,125;0,1;0,533333333333333;0
1;0,75;0,125;0,1;0,566666666666667;0
1;0,75;0,125;0,1;0,6;0
1;0,75;0,125;0,1;0,633333333333333;0
1;0,75;0,125;0,1;0,666666666666667;0
1;0,75;0,125;0,1;1;0
1;0,75;0,125;0,6;0,466666666666667;0,333333333333333
1;0,75;0,125;0,6;0,533333333333333;0
1;0,75;0,125;0,6;0,566666666666667;0
1;0,75;0,125;0,6;0,6;0
1;0,75;0,125;0,6;0,633333333333333;0
1;0,75;0,125;0,6;0,666666666666667;0
1;0,75;0,125;0,6;1;0
1;0,75;0,125;1;0,466666666666667;0,333333333333333
1;0,75;0,125;1;0,533333333333333;0
1;0,75;0,125;1;0,566666666666667;0
1;0,75;0,125;1;0,6;0
1;0,75;0,125;1;0,633333333333333;0
1;0,75;0,125;1;0,666666666666667;0
1;0,75;0,125;1;1;0
1;0,75;0,25;0,1;0,466666666666667;0,333333333333333
1;0,75;0,25;0,1;0,533333333333333;0
1;0,75;0,25;0,1;0,566666666666667;0
1;0,75;0,25;0,1;0,6;0
1;0,75;0,25;0,1;0,633333333333333;0
1;0,75;0,25;0,1;0,666666666666667;0
1;0,75;0,25;0,1;1;0
1;0,75;0,25;0,6;0,466666666666667;0,333333333333333
1;0,75;0,25;0,6;0,533333333333333;0
1;0,75;0,25;0,6;0,566666666666667;0
1;0,75;0,25;0,6;0,6;0
1;0,75;0,25;0,6;0,633333333333333;0
1;0,75;0,25;0,6;0,666666666666667;0
1;0,75;0,25;0,6;1;0
1;0,75;0,25;1;0,466666666666667;0,333333333333333
1;0,75;0,25;1;0,533333333333333;0
1;0,75;0,25;1;0,566666666666667;0
1;0,75;0,25;1;0,6;0
1;0,75;0,25;1;0,633333333333333;0
1;0,75;0,25;1;0,666666666666667;0
1;0,75;0,25;1;1;0
1;0,75;0,5;0,1;0,466666666666667;0,666666666666667
1;0,75;0,5;0,1;0,533333333333333;0,666666666666667
1;0,75;0,5;0,1;0,566666666666667;0,666666666666667
1;0,75;0,5;0,1;0,6;0,666666666666667
1;0,75;0,5;0,1;0,633333333333333;0,666666666666667
1;0,75;0,5;0,1;0,666666666666667;0,666666666666667
1;0,75;0,5;0,1;1;0,666666666666667
1;0,75;0,5;0,6;0,466666666666667;0,333333333333333
1;0,75;0,5;0,6;0,533333333333333;0
1;0,75;0,5;0,6;0,566666666666667;0
1;0,75;0,5;0,6;0,6;0
1;0,75;0,5;0,6;0,633333333333333;0
1;0,75;0,5;0,6;0,666666666666667;0
1;0,75;0,5;0,6;1;0
1;0,75;0,5;1;0,466666666666667;0,333333333333333
1;0,75;0,5;1;0,533333333333333;0
1;0,75;0,5;1;0,566666666666667;0
1;0,75;0,5;1;0,6;0
1;0,75;0,5;1;0,633333333333333;0
1;0,75;0,5;1;0,666666666666667;0
1;0,75;0,5;1;1;0
1;0,75;0,75;0,6;0,466666666666667;0,333333333333333
1;0,75;0,75;0,6;0,533333333333333;0,333333333333333
1;0,75;0,75;0,6;0,566666666666667;0
1;0,75;0,75;0,6;0,6;0
1;0,75;0,75;0,6;0,633333333333333;0
1;0,75;0,75;0,6;0,666666666666667;0
1;0,75;0,75;0,6;1;0
1;0,75;0,75;1;0,466666666666667;0,333333333333333
1;0,75;0,75;1;0,533333333333333;0
1;0,75;0,75;1;0,566666666666667;0
1;0,75;0,75;1;0,6;0
1;0,75;0,75;1;0,633333333333333;0
1;0,75;0,75;1;0,666666666666667;0
1;0,75;0,75;1;1;0
1;0,75;1;0,6;0,466666666666667;1
1;0,75;1;0,6;0,533333333333333;1
1;0,75;1;0,6;0,566666666666667;1
1;0,75;1;0,6;0,6;1
1;0,75;1;0,6;0,633333333333333;1
1;0,75;1;0,6;0,666666666666667;1
1;0,75;1;0,6;1;1
1;0,75;1;1;0,466666666666667;0,333333333333333
1;0,75;1;1;0,533333333333333;0,333333333333333
1;0,75;1;1;0,566666666666667;0
1;0,75;1;1;0,6;0
1;0,75;1;1;0,633333333333333;0
1;0,75;1;1;0,666666666666667;0
1;0,75;1;1;1;0
1;1;0;0,1;0,466666666666667;0,333333333333333
1;1;0;0,1;0,533333333333333;0
1;1;0;0,1;0,566666666666667;0
1;1;0;0,1;0,6;0
1;1;0;0,1;0,633333333333333;0
1;1;0;0,1;0,666666666666667;0
1;1;0;0,1;1;0
1;1;0;0,6;0,466666666666667;0,333333333333333
1;1;0;0,6;0,533333333333333;0
1;1;0;0,6;0,566666666666667;0
1;1;0;0,6;0,6;0
1;1;0;0,6;0,633333333333333;0
1;1;0;0,6;0,666666666666667;0
1;1;0;0,6;1;0
1;1;0;1;0,466666666666667;0,333333333333333
1;1;0;1;0,533333333333333;0
1;1;0;1;0,566666666666667;0
1;1;0;1;0,6;0
1;1;0;1;0,633333333333333;0
1;1;0;1;0,666666666666667;0
1;1;0;1;1;0
1;1;0,015625;0,1;0,466666666666667;0,333333333333333
1;1;0,015625;0,1;0,533333333333333;0
1;1;0,015625;0,1;0,566666666666667;0
1;1;0,015625;0,1;0,6;0
1;1;0,015625;0,1;0,633333333333333;0
1;1;0,015625;0,1;0,666666666666667;0
1;1;0,015625;0,1;1;0
1;1;0,015625;0,6;0,466666666666667;0,333333333333333
1;1;0,015625;0,6;0,533333333333333;0
1;1;0,015625;0,6;0,566666666666667;0
1;1;0,015625;0,6;0,6;0
1;1;0,015625;0,6;0,633333333333333;0
1;1;0,015625;0,6;0,666666666666667;0
1;1;0,015625;0,6;1;0
1;1;0,015625;1;0,466666666666667;0,333333333333333
1;1;0,015625;1;0,533333333333333;0
1;1;0,015625;1;0,566666666666667;0
1;1;0,015625;1;0,6;0
1;1;0,015625;1;0,633333333333333;0
1;1;0,015625;1;0,666666666666667;0
1;1;0,015625;1;1;0
1;1;0,03125;0,1;0,466666666666667;0,333333333333333
1;1;0,03125;0,1;0,533333333333333;0
1;1;0,03125;0,1;0,566666666666667;0
1;1;0,03125;0,1;0,6;0
1;1;0,03125;0,1;0,633333333333333;0
1;1;0,03125;0,1;0,666666666666667;0
1;1;0,03125;0,1;1;0
1;1;0,03125;0,6;0,466666666666667;0,333333333333333
1;1;0,03125;0,6;0,533333333333333;0
1;1;0,03125;0,6;0,566666666666667;0
1;1;0,03125;0,6;0,6;0
1;1;0,03125;0,6;0,633333333333333;0
1;1;0,03125;0,6;0,666666666666667;0
1;1;0,03125;0,6;1;0
1;1;0,03125;1;0,466666666666667;0,333333333333333
1;1;0,03125;1;0,533333333333333;0
1;1;0,03125;1;0,566666666666667;0
1;1;0,03125;1;0,6;0
1;1;0,03125;1;0,633333333333333;0
1;1;0,03125;1;0,666666666666667;0
1;1;0,03125;1;1;0
1;1;0,0625;0,1;0,466666666666667;0,333333333333333
1;1;0,0625;0,1;0,533333333333333;0
1;1;0,0625;0,1;0,566666666666667;0
1;1;0,0625;0,1;0,6;0
1;1;0,0625;0,1;0,633333333333333;0
1;1;0,0625;0,1;0,666666666666667;0
1;1;0,0625;0,1;1;0
1;1;0,0625;0,6;0,466666666666667;0,333333333333333
1;1;0,0625;0,6;0,533333333333333;0
1;1;0,0625;0,6;0,566666666666667;0
1;1;0,0625;0,6;0,6;0
1;1;0,0625;0,6;0,633333333333333;0
1;1;0,0625;0,6;0,666666666666667;0
1;1;0,0625;0,6;1;0
1;1;0,0625;1;0,466666666666667;0,333333333333333
1;1;0,0625;1;0,533333333333333;0
1;1;0,0625;1;0,566666666666667;0
1;1;0,0625;1;0,6;0
1;1;0,0625;1;0,633333333333333;0
1;1;0,0625;1;0,666666666666667;0
1;1;0,0625;1;1;0
1;1;0,125;0,1;0,466666666666667;0,333333333333333
1;1;0,125;0,1;0,533333333333333;0
1;1;0,125;0,1;0,566666666666667;0
1;1;0,125;0,1;0,6;0
1;1;0,125;0,1;0,633333333333333;0
1;1;0,125;0,1;0,666666666666667;0
1;1;0,125;0,1;1;0
1;1;0,125;0,6;0,466666666666667;0,333333333333333
1;1;0,125;0,6;0,533333333333333;0
1;1;0,125;0,6;0,566666666666667;0
1;1;0,125;0,6;0,6;0
1;1;0,125;0,6;0,633333333333333;0
1;1;0,125;0,6;0,666666666666667;0
1;1;0,125;0,6;1;0
1;1;0,125;1;0,466666666666667;0,333333333333333
1;1;0,125;1;0,533333333333333;0
1;1;0,125;1;0,566666666666667;0
1;1;0,125;1;0,6;0
1;1;0,125;1;0,633333333333333;0
1;1;0,125;1;0,666666666666667;0
1;1;0,125;1;1;0
1;1;0,25;0,1;0,466666666666667;0,333333333333333
1;1;0,25;0,1;0,533333333333333;0
1;1;0,25;0,1;0,566666666666667;0
1;1;0,25;0,1;0,6;0
1;1;0,25;0,1;0,633333333333333;0
1;1;0,25;0,1;0,666666666666667;0
1;1;0,25;0,1;1;0
1;1;0,25;0,6;0,466666666666667;0,333333333333333
1;1;0,25;0,6;0,533333333333333;0
1;1;0,25;0,6;0,566666666666667;0
1;1;0,25;0,6;0,6;0
1;1;0,25;0,6;0,633333333333333;0
1;1;0,25;0,6;0,666666666666667;0
1;1;0,25;0,6;1;0
1;1;0,25;1;0,466666666666667;0,333333333333333
1;1;0,25;1;0,533333333333333;0
1;1;0,25;1;0,566666666666667;0
1;1;0,25;1;0,6;0
1;1;0,25;1;0,633333333333333;0
1;1;0,25;1;0,666666666666667;0
1;1;0,25;1;1;0
1;1;0,5;0,1;0,466666666666667;0,666666666666667
1;1;0,5;0,1;0,533333333333333;0,666666666666667
1;1;0,5;0,1;0,566666666666667;0,666666666666667
1;1;0,5;0,1;0,6;0,666666666666667
1;1;0,5;0,1;0,633333333333333;0,666666666666667
1;1;0,5;0,1;0,666666666666667;0,666666666666667
1;1;0,5;0,1;1;0,333333333333333
1;1;0,5;0,6;0,466666666666667;0,333333333333333
1;1;0,5;0,6;0,533333333333333;0
1;1;0,5;0,6;0,566666666666667;0
1;1;0,5;0,6;0,6;0
1;1;0,5;0,6;0,633333333333333;0
1;1;0,5;0,6;0,666666666666667;0
1;1;0,5;0,6;1;0
1;1;0,5;1;0,466666666666667;0,333333333333333
1;1;0,5;1;0,533333333333333;0
1;1;0,5;1;0,566666666666667;0
1;1;0,5;1;0,6;0
1;1;0,5;1;0,633333333333333;0
1;1;0,5;1;0,666666666666667;0
1;1;0,5;1;1;0
1;1;0,75;0,6;0,466666666666667;0,333333333333333
1;1;0,75;0,6;0,533333333333333;0,333333333333333
1;1;0,75;0,6;0,566666666666667;0
1;1;0,75;0,6;0,6;0
1;1;0,75;0,6;0,633333333333333;0
1;1;0,75;0,6;0,666666666666667;0
1;1;0,75;0,6;1;0
1;1;0,75;1;0,466666666666667;0,333333333333333
1;1;0,75;1;0,533333333333333;0
1;1;0,75;1;0,566666666666667;0
1;1;0,75;1;0,6;0
1;1;0,75;1;0,633333333333333;0
1;1;0,75;1;0,666666666666667;0
1;1;0,75;1;1;0
1;1;1;0,6;0,466666666666667;1
1;1;1;0,6;0,533333333333333;1
1;1;1;0,6;0,566666666666667;1
1;1;1;0,6;0,6;1
1;1;1;0,6;0,633333333333333;1
1;1;1;0,6;0,666666666666667;1
1;1;1;0,6;1;1
1;1;1;1;0,466666666666667;1
1;1;1;1;0,533333333333333;1
1;1;1;1;0,566666666666667;
1;1;1;1;0,6;
1;1;1;1;0,633333333333333;
1;1;1;1;0,666666666666667;
1;1;1;1;1;