ID;" ""lr""";" ""mlbs""";" ""bandwidth""";" ""segment_length""";" ""N""";" ""mos""";" ""sd""";" ""q10th""";" ""q90th""";" ""se""";" ""ci"""
1;0; 0.1; 0.466666666666667; 0.2;9; 4.33333333333333; 0.5;4;5; 0.166666666666667; 0.384334022534028
2;0; 0.1; 0.466666666666667; 0.6;9; 0.333333333333333; 0.5;0;1; 0.166666666666667; 0.384334022534028
3;0; 0.1; 0.466666666666667;1;9; 0.666666666666667; 0.5;0;1; 0.166666666666667; 0.384334022534028
4;0; 0.1; 0.533333333333333; 0.2;9;2; 0.866025403784439;1;3; 0.288675134594813; 0.665686054106258
5;0; 0.1; 0.533333333333333; 0.6;9; 0.111111111111111; 0.333333333333333;0; 0.199999999999999; 0.111111111111111; 0.256222681689352
6;0; 0.1; 0.533333333333333;1;9; 0.111111111111111; 0.333333333333333;0; 0.199999999999999; 0.111111111111111; 0.256222681689352
7;0; 0.1; 0.566666666666667; 0.2;9; 0.666666666666667;1;0;2; 0.333333333333333; 0.768668045068055
8;0; 0.1; 0.566666666666667; 0.6;9; 0.111111111111111; 0.333333333333333;0; 0.199999999999999; 0.111111111111111; 0.256222681689352
9;0; 0.1; 0.566666666666667;1;9;0;0;0;0;0;0
10;0; 0.1; 0.6; 0.2;9; 0.333333333333333; 0.5;0;1; 0.166666666666667; 0.384334022534028
11;0; 0.1; 0.6; 0.6;9;0;0;0;0;0;0
12;0; 0.1; 0.6;1;9;0;0;0;0;0;0
13;0; 0.1; 0.633333333333333; 0.2;9; 0.111111111111111; 0.333333333333333;0; 0.199999999999999; 0.111111111111111; 0.256222681689352
14;0; 0.1; 0.633333333333333; 0.6;9;0;0;0;0;0;0
15;0; 0.1; 0.633333333333333;1;9;0;0;0;0;0;0
16;0; 0.1; 0.666666666666667; 0.2;9; 0.111111111111111; 0.333333333333333;0; 0.199999999999999; 0.111111111111111; 0.256222681689352
17;0; 0.1; 0.666666666666667; 0.6;9;0;0;0;0;0;0
18;0; 0.1; 0.666666666666667;1;9;0;0;0;0;0;0
19;0; 0.1;1; 0.2;9;0;0;0;0;0;0
20;0; 0.1;1; 0.6;9;0;0;0;0;0;0
21;0; 0.1;1;1;9;0;0;0;0;0;0
22;0; 0.6; 0.466666666666667; 0.2;9; 4.33333333333333; 0.5;4;5; 0.166666666666667; 0.384334022534028
23;0; 0.6; 0.466666666666667; 0.6;9; 0.333333333333333; 0.5;0;1; 0.166666666666667; 0.384334022534028
24;0; 0.6; 0.466666666666667;1;9; 0.666666666666667; 0.5;0;1; 0.166666666666667; 0.384334022534028
25;0; 0.6; 0.533333333333333; 0.2;9;2; 0.866025403784439;1;3; 0.288675134594813; 0.665686054106258
26;0; 0.6; 0.533333333333333; 0.6;9; 0.111111111111111; 0.333333333333333;0; 0.199999999999999; 0.111111111111111; 0.256222681689352
27;0; 0.6; 0.533333333333333;1;9; 0.111111111111111; 0.333333333333333;0; 0.199999999999999; 0.111111111111111; 0.256222681689352
28;0; 0.6; 0.566666666666667; 0.2;9; 0.666666666666667;1;0;2; 0.333333333333333; 0.768668045068055
29;0; 0.6; 0.566666666666667; 0.6;9; 0.111111111111111; 0.333333333333333;0; 0.199999999999999; 0.111111111111111; 0.256222681689352
30;0; 0.6; 0.566666666666667;1;9;0;0;0;0;0;0
31;0; 0.6; 0.6; 0.2;9; 0.333333333333333; 0.5;0;1; 0.166666666666667; 0.384334022534028
32;0; 0.6; 0.6; 0.6;9;0;0;0;0;0;0
33;0; 0.6; 0.6;1;9;0;0;0;0;0;0
34;0; 0.6; 0.633333333333333; 0.2;9; 0.111111111111111; 0.333333333333333;0; 0.199999999999999; 0.111111111111111; 0.256222681689352
35;0; 0.6; 0.633333333333333; 0.6;9;0;0;0;0;0;0
36;0; 0.6; 0.633333333333333;1;9;0;0;0;0;0;0
37;0; 0.6; 0.666666666666667; 0.2;9; 0.111111111111111; 0.333333333333333;0; 0.199999999999999; 0.111111111111111; 0.256222681689352
38;0; 0.6; 0.666666666666667; 0.6;9;0;0;0;0;0;0
39;0; 0.6; 0.666666666666667;1;9;0;0;0;0;0;0
40;0; 0.6;1; 0.2;9;0;0;0;0;0;0
41;0; 0.6;1; 0.6;9;0;0;0;0;0;0
42;0; 0.6;1;1;9;0;0;0;0;0;0
43;0;1; 0.466666666666667; 0.2;9; 4.33333333333333; 0.5;4;5; 0.166666666666667; 0.384334022534028
44;0;1; 0.466666666666667; 0.6;9; 0.333333333333333; 0.5;0;1; 0.166666666666667; 0.384334022534028
45;0;1; 0.466666666666667;1;9; 0.666666666666667; 0.5;0;1; 0.166666666666667; 0.384334022534028
46;0;1; 0.533333333333333; 0.2;9;2; 0.866025403784439;1;3; 0.288675134594813; 0.665686054106258
47;0;1; 0.533333333333333; 0.6;9; 0.111111111111111; 0.333333333333333;0; 0.199999999999999; 0.111111111111111; 0.256222681689352
48;0;1; 0.533333333333333;1;9; 0.111111111111111; 0.333333333333333;0; 0.199999999999999; 0.111111111111111; 0.256222681689352
49;0;1; 0.566666666666667; 0.2;9; 0.666666666666667;1;0;2; 0.333333333333333; 0.768668045068055
50;0;1; 0.566666666666667; 0.6;9; 0.111111111111111; 0.333333333333333;0; 0.199999999999999; 0.111111111111111; 0.256222681689352
51;0;1; 0.566666666666667;1;9;0;0;0;0;0;0
52;0;1; 0.6; 0.2;9; 0.333333333333333; 0.5;0;1; 0.166666666666667; 0.384334022534028
53;0;1; 0.6; 0.6;9;0;0;0;0;0;0
54;0;1; 0.6;1;9;0;0;0;0;0;0
55;0;1; 0.633333333333333; 0.2;9; 0.111111111111111; 0.333333333333333;0; 0.199999999999999; 0.111111111111111; 0.256222681689352
56;0;1; 0.633333333333333; 0.6;9;0;0;0;0;0;0
57;0;1; 0.633333333333333;1;9;0;0;0;0;0;0
58;0;1; 0.666666666666667; 0.2;9; 0.111111111111111; 0.333333333333333;0; 0.199999999999999; 0.111111111111111; 0.256222681689352
59;0;1; 0.666666666666667; 0.6;9;0;0;0;0;0;0
60;0;1; 0.666666666666667;1;9;0;0;0;0;0;0
61;0;1;1; 0.2;9;0;0;0;0;0;0
62;0;1;1; 0.6;9;0;0;0;0;0;0
63;0;1;1;1;9;0;0;0;0;0;0
64; 0.015625; 0.1; 0.466666666666667; 0.2;9; 4.33333333333333; 0.5;4;5; 0.166666666666667; 0.384334022534028
65; 0.015625; 0.1; 0.466666666666667; 0.6;9; 0.333333333333333; 0.5;0;1; 0.166666666666667; 0.384334022534028
66; 0.015625; 0.1; 0.466666666666667;1;9; 0.666666666666667; 0.5;0;1; 0.166666666666667; 0.384334022534028
67; 0.015625; 0.1; 0.533333333333333; 0.2;9;2; 0.866025403784439;1;3; 0.288675134594813; 0.665686054106258
68; 0.015625; 0.1; 0.533333333333333; 0.6;9; 0.111111111111111; 0.333333333333333;0; 0.199999999999999; 0.111111111111111; 0.256222681689352
69; 0.015625; 0.1; 0.533333333333333;1;9; 0.111111111111111; 0.333333333333333;0; 0.199999999999999; 0.111111111111111; 0.256222681689352
70; 0.015625; 0.1; 0.566666666666667; 0.2;9; 0.666666666666667;1;0;2; 0.333333333333333; 0.768668045068055
71; 0.015625; 0.1; 0.566666666666667; 0.6;9; 0.111111111111111; 0.333333333333333;0; 0.199999999999999; 0.111111111111111; 0.256222681689352
72; 0.015625; 0.1; 0.566666666666667;1;9;0;0;0;0;0;0
73; 0.015625; 0.1; 0.6; 0.2;9; 0.333333333333333; 0.5;0;1; 0.166666666666667; 0.384334022534028
74; 0.015625; 0.1; 0.6; 0.6;9;0;0;0;0;0;0
75; 0.015625; 0.1; 0.6;1;9;0;0;0;0;0;0
76; 0.015625; 0.1; 0.633333333333333; 0.2;9; 0.111111111111111; 0.333333333333333;0; 0.199999999999999; 0.111111111111111; 0.256222681689352
77; 0.015625; 0.1; 0.633333333333333; 0.6;9;0;0;0;0;0;0
78; 0.015625; 0.1; 0.633333333333333;1;9;0;0;0;0;0;0
79; 0.015625; 0.1; 0.666666666666667; 0.2;9; 0.111111111111111; 0.333333333333333;0; 0.199999999999999; 0.111111111111111; 0.256222681689352
80; 0.015625; 0.1; 0.666666666666667; 0.6;9;0;0;0;0;0;0
81; 0.015625; 0.1; 0.666666666666667;1;9;0;0;0;0;0;0
82; 0.015625; 0.1;1; 0.2;9;0;0;0;0;0;0
83; 0.015625; 0.1;1; 0.6;9;0;0;0;0;0;0
84; 0.015625; 0.1;1;1;9;0;0;0;0;0;0
85; 0.015625; 0.6; 0.466666666666667; 0.2;9; 4.33333333333333; 0.5;4;5; 0.166666666666667; 0.384334022534028
86; 0.015625; 0.6; 0.466666666666667; 0.6;9; 0.333333333333333; 0.5;0;1; 0.166666666666667; 0.384334022534028
87; 0.015625; 0.6; 0.466666666666667;1;9; 0.666666666666667; 0.5;0;1; 0.166666666666667; 0.384334022534028
88; 0.015625; 0.6; 0.533333333333333; 0.2;9;2; 0.866025403784439;1;3; 0.288675134594813; 0.665686054106258
89; 0.015625; 0.6; 0.533333333333333; 0.6;9; 0.111111111111111; 0.333333333333333;0; 0.199999999999999; 0.111111111111111; 0.256222681689352
90; 0.015625; 0.6; 0.533333333333333;1;9; 0.111111111111111; 0.333333333333333;0; 0.199999999999999; 0.111111111111111; 0.256222681689352
91; 0.015625; 0.6; 0.566666666666667; 0.2;9; 0.666666666666667;1;0;2; 0.333333333333333; 0.768668045068055
92; 0.015625; 0.6; 0.566666666666667; 0.6;9; 0.111111111111111; 0.333333333333333;0; 0.199999999999999; 0.111111111111111; 0.256222681689352
93; 0.015625; 0.6; 0.566666666666667;1;9;0;0;0;0;0;0
94; 0.015625; 0.6; 0.6; 0.2;9; 0.333333333333333; 0.5;0;1; 0.166666666666667; 0.384334022534028
95; 0.015625; 0.6; 0.6; 0.6;9;0;0;0;0;0;0
96; 0.015625; 0.6; 0.6;1;9;0;0;0;0;0;0
97; 0.015625; 0.6; 0.633333333333333; 0.2;9; 0.111111111111111; 0.333333333333333;0; 0.199999999999999; 0.111111111111111; 0.256222681689352
98; 0.015625; 0.6; 0.633333333333333; 0.6;9;0;0;0;0;0;0
99; 0.015625; 0.6; 0.633333333333333;1;9;0;0;0;0;0;0
100; 0.015625; 0.6; 0.666666666666667; 0.2;9; 0.111111111111111; 0.333333333333333;0; 0.199999999999999; 0.111111111111111; 0.256222681689352
101; 0.015625; 0.6; 0.666666666666667; 0.6;9;0;0;0;0;0;0
102; 0.015625; 0.6; 0.666666666666667;1;9;0;0;0;0;0;0
103; 0.015625; 0.6;1; 0.2;9;0;0;0;0;0;0
104; 0.015625; 0.6;1; 0.6;9;0;0;0;0;0;0
105; 0.015625; 0.6;1;1;9;0;0;0;0;0;0
106; 0.015625;1; 0.466666666666667; 0.2;9; 4.33333333333333; 0.5;4;5; 0.166666666666667; 0.384334022534028
107; 0.015625;1; 0.466666666666667; 0.6;9; 0.333333333333333; 0.5;0;1; 0.166666666666667; 0.384334022534028
108; 0.015625;1; 0.466666666666667;1;9; 0.666666666666667; 0.5;0;1; 0.166666666666667; 0.384334022534028
109; 0.015625;1; 0.533333333333333; 0.2;9;2; 0.866025403784439;1;3; 0.288675134594813; 0.665686054106258
110; 0.015625;1; 0.533333333333333; 0.6;9; 0.111111111111111; 0.333333333333333;0; 0.199999999999999; 0.111111111111111; 0.256222681689352
111; 0.015625;1; 0.533333333333333;1;9; 0.111111111111111; 0.333333333333333;0; 0.199999999999999; 0.111111111111111; 0.256222681689352
112; 0.015625;1; 0.566666666666667; 0.2;9; 0.666666666666667;1;0;2; 0.333333333333333; 0.768668045068055
113; 0.015625;1; 0.566666666666667; 0.6;9; 0.111111111111111; 0.333333333333333;0; 0.199999999999999; 0.111111111111111; 0.256222681689352
114; 0.015625;1; 0.566666666666667;1;9;0;0;0;0;0;0
115; 0.015625;1; 0.6; 0.2;9; 0.333333333333333; 0.5;0;1; 0.166666666666667; 0.384334022534028
116; 0.015625;1; 0.6; 0.6;9;0;0;0;0;0;0
117; 0.015625;1; 0.6;1;9;0;0;0;0;0;0
118; 0.015625;1; 0.633333333333333; 0.2;9; 0.111111111111111; 0.333333333333333;0; 0.199999999999999; 0.111111111111111; 0.256222681689352
119; 0.015625;1; 0.633333333333333; 0.6;9;0;0;0;0;0;0
120; 0.015625;1; 0.633333333333333;1;9;0;0;0;0;0;0
121; 0.015625;1; 0.666666666666667; 0.2;9; 0.111111111111111; 0.333333333333333;0; 0.199999999999999; 0.111111111111111; 0.256222681689352
122; 0.015625;1; 0.666666666666667; 0.6;9;0;0;0;0;0;0
123; 0.015625;1; 0.666666666666667;1;9;0;0;0;0;0;0
124; 0.015625;1;1; 0.2;9;0;0;0;0;0;0
125; 0.015625;1;1; 0.6;9;0;0;0;0;0;0
126; 0.015625;1;1;1;9;0;0;0;0;0;0
127; 0.03125; 0.1; 0.466666666666667; 0.2;9; 4.33333333333333; 0.5;4;5; 0.166666666666667; 0.384334022534028
128; 0.03125; 0.1; 0.466666666666667; 0.6;9; 0.333333333333333; 0.5;0;1; 0.166666666666667; 0.384334022534028
129; 0.03125; 0.1; 0.466666666666667;1;9; 0.666666666666667; 0.5;0;1; 0.166666666666667; 0.384334022534028
130; 0.03125; 0.1; 0.533333333333333; 0.2;9;2; 0.866025403784439;1;3; 0.288675134594813; 0.665686054106258
131; 0.03125; 0.1; 0.533333333333333; 0.6;9; 0.111111111111111; 0.333333333333333;0; 0.199999999999999; 0.111111111111111; 0.256222681689352
132; 0.03125; 0.1; 0.533333333333333;1;9; 0.111111111111111; 0.333333333333333;0; 0.199999999999999; 0.111111111111111; 0.256222681689352
133; 0.03125; 0.1; 0.566666666666667; 0.2;9; 0.666666666666667;1;0;2; 0.333333333333333; 0.768668045068055
134; 0.03125; 0.1; 0.566666666666667; 0.6;9; 0.111111111111111; 0.333333333333333;0; 0.199999999999999; 0.111111111111111; 0.256222681689352
135; 0.03125; 0.1; 0.566666666666667;1;9;0;0;0;0;0;0
136; 0.03125; 0.1; 0.6; 0.2;9; 0.333333333333333; 0.5;0;1; 0.166666666666667; 0.384334022534028
137; 0.03125; 0.1; 0.6; 0.6;9;0;0;0;0;0;0
138; 0.03125; 0.1; 0.6;1;9;0;0;0;0;0;0
139; 0.03125; 0.1; 0.633333333333333; 0.2;9; 0.111111111111111; 0.333333333333333;0; 0.199999999999999; 0.111111111111111; 0.256222681689352
140; 0.03125; 0.1; 0.633333333333333; 0.6;9;0;0;0;0;0;0
141; 0.03125; 0.1; 0.633333333333333;1;9;0;0;0;0;0;0
142; 0.03125; 0.1; 0.666666666666667; 0.2;9; 0.111111111111111; 0.333333333333333;0; 0.199999999999999; 0.111111111111111; 0.256222681689352
143; 0.03125; 0.1; 0.666666666666667; 0.6;9;0;0;0;0;0;0
144; 0.03125; 0.1; 0.666666666666667;1;9;0;0;0;0;0;0
145; 0.03125; 0.1;1; 0.2;9;0;0;0;0;0;0
146; 0.03125; 0.1;1; 0.6;9;0;0;0;0;0;0
147; 0.03125; 0.1;1;1;9;0;0;0;0;0;0
148; 0.03125; 0.6; 0.466666666666667; 0.2;9; 4.33333333333333; 0.5;4;5; 0.166666666666667; 0.384334022534028
149; 0.03125; 0.6; 0.466666666666667; 0.6;9; 0.333333333333333; 0.5;0;1; 0.166666666666667; 0.384334022534028
150; 0.03125; 0.6; 0.466666666666667;1;9; 0.666666666666667; 0.5;0;1; 0.166666666666667; 0.384334022534028
151; 0.03125; 0.6; 0.533333333333333; 0.2;9;2; 0.866025403784439;1;3; 0.288675134594813; 0.665686054106258
152; 0.03125; 0.6; 0.533333333333333; 0.6;9; 0.111111111111111; 0.333333333333333;0; 0.199999999999999; 0.111111111111111; 0.256222681689352
153; 0.03125; 0.6; 0.533333333333333;1;9; 0.111111111111111; 0.333333333333333;0; 0.199999999999999; 0.111111111111111; 0.256222681689352
154; 0.03125; 0.6; 0.566666666666667; 0.2;9; 0.666666666666667;1;0;2; 0.333333333333333; 0.768668045068055
155; 0.03125; 0.6; 0.566666666666667; 0.6;9; 0.111111111111111; 0.333333333333333;0; 0.199999999999999; 0.111111111111111; 0.256222681689352
156; 0.03125; 0.6; 0.566666666666667;1;9;0;0;0;0;0;0
157; 0.03125; 0.6; 0.6; 0.2;9; 0.333333333333333; 0.5;0;1; 0.166666666666667; 0.384334022534028
158; 0.03125; 0.6; 0.6; 0.6;9;0;0;0;0;0;0
159; 0.03125; 0.6; 0.6;1;9;0;0;0;0;0;0
160; 0.03125; 0.6; 0.633333333333333; 0.2;9; 0.111111111111111; 0.333333333333333;0; 0.199999999999999; 0.111111111111111; 0.256222681689352
161; 0.03125; 0.6; 0.633333333333333; 0.6;9;0;0;0;0;0;0
162; 0.03125; 0.6; 0.633333333333333;1;9;0;0;0;0;0;0
163; 0.03125; 0.6; 0.666666666666667; 0.2;9; 0.111111111111111; 0.333333333333333;0; 0.199999999999999; 0.111111111111111; 0.256222681689352
164; 0.03125; 0.6; 0.666666666666667; 0.6;9;0;0;0;0;0;0
165; 0.03125; 0.6; 0.666666666666667;1;9;0;0;0;0;0;0
166; 0.03125; 0.6;1; 0.2;9;0;0;0;0;0;0
167; 0.03125; 0.6;1; 0.6;9;0;0;0;0;0;0
168; 0.03125; 0.6;1;1;9;0;0;0;0;0;0
169; 0.03125;1; 0.466666666666667; 0.2;9; 4.33333333333333; 0.5;4;5; 0.166666666666667; 0.384334022534028
170; 0.03125;1; 0.466666666666667; 0.6;9; 0.333333333333333; 0.5;0;1; 0.166666666666667; 0.384334022534028
171; 0.03125;1; 0.466666666666667;1;9; 0.666666666666667; 0.5;0;1; 0.166666666666667; 0.384334022534028
172; 0.03125;1; 0.533333333333333; 0.2;9;2; 0.866025403784439;1;3; 0.288675134594813; 0.665686054106258
173; 0.03125;1; 0.533333333333333; 0.6;9; 0.111111111111111; 0.333333333333333;0; 0.199999999999999; 0.111111111111111; 0.256222681689352
174; 0.03125;1; 0.533333333333333;1;9; 0.111111111111111; 0.333333333333333;0; 0.199999999999999; 0.111111111111111; 0.256222681689352
175; 0.03125;1; 0.566666666666667; 0.2;9; 0.666666666666667;1;0;2; 0.333333333333333; 0.768668045068055
176; 0.03125;1; 0.566666666666667; 0.6;9; 0.111111111111111; 0.333333333333333;0; 0.199999999999999; 0.111111111111111; 0.256222681689352
177; 0.03125;1; 0.566666666666667;1;9;0;0;0;0;0;0
178; 0.03125;1; 0.6; 0.2;9; 0.333333333333333; 0.5;0;1; 0.166666666666667; 0.384334022534028
179; 0.03125;1; 0.6; 0.6;9;0;0;0;0;0;0
180; 0.03125;1; 0.6;1;9;0;0;0;0;0;0
181; 0.03125;1; 0.633333333333333; 0.2;9; 0.111111111111111; 0.333333333333333;0; 0.199999999999999; 0.111111111111111; 0.256222681689352
182; 0.03125;1; 0.633333333333333; 0.6;9;0;0;0;0;0;0
183; 0.03125;1; 0.633333333333333;1;9;0;0;0;0;0;0
184; 0.03125;1; 0.666666666666667; 0.2;9; 0.111111111111111; 0.333333333333333;0; 0.199999999999999; 0.111111111111111; 0.256222681689352
185; 0.03125;1; 0.666666666666667; 0.6;9;0;0;0;0;0;0
186; 0.03125;1; 0.666666666666667;1;9;0;0;0;0;0;0
187; 0.03125;1;1; 0.2;9;0;0;0;0;0;0
188; 0.03125;1;1; 0.6;9;0;0;0;0;0;0
189; 0.03125;1;1;1;9;0;0;0;0;0;0
190; 0.0625; 0.1; 0.466666666666667; 0.2;9; 4.33333333333333; 0.5;4;5; 0.166666666666667; 0.384334022534028
191; 0.0625; 0.1; 0.466666666666667; 0.6;9; 0.333333333333333; 0.5;0;1; 0.166666666666667; 0.384334022534028
192; 0.0625; 0.1; 0.466666666666667;1;9; 0.666666666666667; 0.5;0;1; 0.166666666666667; 0.384334022534028
193; 0.0625; 0.1; 0.533333333333333; 0.2;9;2; 0.866025403784439;1;3; 0.288675134594813; 0.665686054106258
194; 0.0625; 0.1; 0.533333333333333; 0.6;9; 0.111111111111111; 0.333333333333333;0; 0.199999999999999; 0.111111111111111; 0.256222681689352
195; 0.0625; 0.1; 0.533333333333333;1;9; 0.111111111111111; 0.333333333333333;0; 0.199999999999999; 0.111111111111111; 0.256222681689352
196; 0.0625; 0.1; 0.566666666666667; 0.2;9; 0.666666666666667;1;0;2; 0.333333333333333; 0.768668045068055
197; 0.0625; 0.1; 0.566666666666667; 0.6;9; 0.111111111111111; 0.333333333333333;0; 0.199999999999999; 0.111111111111111; 0.256222681689352
198; 0.0625; 0.1; 0.566666666666667;1;9;0;0;0;0;0;0
199; 0.0625; 0.1; 0.6; 0.2;9; 0.333333333333333; 0.5;0;1; 0.166666666666667; 0.384334022534028
200; 0.0625; 0.1; 0.6; 0.6;9;0;0;0;0;0;0
201; 0.0625; 0.1; 0.6;1;9;0;0;0;0;0;0
202; 0.0625; 0.1; 0.633333333333333; 0.2;9; 0.111111111111111; 0.333333333333333;0; 0.199999999999999; 0.111111111111111; 0.256222681689352
203; 0.0625; 0.1; 0.633333333333333; 0.6;9;0;0;0;0;0;0
204; 0.0625; 0.1; 0.633333333333333;1;9;0;0;0;0;0;0
205; 0.0625; 0.1; 0.666666666666667; 0.2;9; 0.111111111111111; 0.333333333333333;0; 0.199999999999999; 0.111111111111111; 0.256222681689352
206; 0.0625; 0.1; 0.666666666666667; 0.6;9;0;0;0;0;0;0
207; 0.0625; 0.1; 0.666666666666667;1;9;0;0;0;0;0;0
208; 0.0625; 0.1;1; 0.2;9;0;0;0;0;0;0
209; 0.0625; 0.1;1; 0.6;9;0;0;0;0;0;0
210; 0.0625; 0.1;1;1;9;0;0;0;0;0;0
211; 0.0625; 0.6; 0.466666666666667; 0.2;9; 4.33333333333333; 0.5;4;5; 0.166666666666667; 0.384334022534028
212; 0.0625; 0.6; 0.466666666666667; 0.6;9; 0.333333333333333; 0.5;0;1; 0.166666666666667; 0.384334022534028
213; 0.0625; 0.6; 0.466666666666667;1;9; 0.666666666666667; 0.5;0;1; 0.166666666666667; 0.384334022534028
214; 0.0625; 0.6; 0.533333333333333; 0.2;9;2; 0.866025403784439;1;3; 0.288675134594813; 0.665686054106258
215; 0.0625; 0.6; 0.533333333333333; 0.6;9; 0.111111111111111; 0.333333333333333;0; 0.199999999999999; 0.111111111111111; 0.256222681689352
216; 0.0625; 0.6; 0.533333333333333;1;9; 0.111111111111111; 0.333333333333333;0; 0.199999999999999; 0.111111111111111; 0.256222681689352
217; 0.0625; 0.6; 0.566666666666667; 0.2;9; 0.666666666666667;1;0;2; 0.333333333333333; 0.768668045068055
218; 0.0625; 0.6; 0.566666666666667; 0.6;9; 0.111111111111111; 0.333333333333333;0; 0.199999999999999; 0.111111111111111; 0.256222681689352
219; 0.0625; 0.6; 0.566666666666667;1;9;0;0;0;0;0;0
220; 0.0625; 0.6; 0.6; 0.2;9; 0.333333333333333; 0.5;0;1; 0.166666666666667; 0.384334022534028
221; 0.0625; 0.6; 0.6; 0.6;9;0;0;0;0;0;0
222; 0.0625; 0.6; 0.6;1;9;0;0;0;0;0;0
223; 0.0625; 0.6; 0.633333333333333; 0.2;9; 0.111111111111111; 0.333333333333333;0; 0.199999999999999; 0.111111111111111; 0.256222681689352
224; 0.0625; 0.6; 0.633333333333333; 0.6;9;0;0;0;0;0;0
225; 0.0625; 0.6; 0.633333333333333;1;9;0;0;0;0;0;0
226; 0.0625; 0.6; 0.666666666666667; 0.2;9; 0.111111111111111; 0.333333333333333;0; 0.199999999999999; 0.111111111111111; 0.256222681689352
227; 0.0625; 0.6; 0.666666666666667; 0.6;9;0;0;0;0;0;0
228; 0.0625; 0.6; 0.666666666666667;1;9;0;0;0;0;0;0
229; 0.0625; 0.6;1; 0.2;9;0;0;0;0;0;0
230; 0.0625; 0.6;1; 0.6;9;0;0;0;0;0;0
231; 0.0625; 0.6;1;1;9;0;0;0;0;0;0
232; 0.0625;1; 0.466666666666667; 0.2;9; 4.33333333333333; 0.5;4;5; 0.166666666666667; 0.384334022534028
233; 0.0625;1; 0.466666666666667; 0.6;9; 0.333333333333333; 0.5;0;1; 0.166666666666667; 0.384334022534028
234; 0.0625;1; 0.466666666666667;1;9; 0.666666666666667; 0.5;0;1; 0.166666666666667; 0.384334022534028
235; 0.0625;1; 0.533333333333333; 0.2;9;2; 0.866025403784439;1;3; 0.288675134594813; 0.665686054106258
236; 0.0625;1; 0.533333333333333; 0.6;9; 0.111111111111111; 0.333333333333333;0; 0.199999999999999; 0.111111111111111; 0.256222681689352
237; 0.0625;1; 0.533333333333333;1;9; 0.111111111111111; 0.333333333333333;0; 0.199999999999999; 0.111111111111111; 0.256222681689352
238; 0.0625;1; 0.566666666666667; 0.2;9; 0.666666666666667;1;0;2; 0.333333333333333; 0.768668045068055
239; 0.0625;1; 0.566666666666667; 0.6;9; 0.111111111111111; 0.333333333333333;0; 0.199999999999999; 0.111111111111111; 0.256222681689352
240; 0.0625;1; 0.566666666666667;1;9;0;0;0;0;0;0
241; 0.0625;1; 0.6; 0.2;9; 0.333333333333333; 0.5;0;1; 0.166666666666667; 0.384334022534028
242; 0.0625;1; 0.6; 0.6;9;0;0;0;0;0;0
243; 0.0625;1; 0.6;1;9;0;0;0;0;0;0
244; 0.0625;1; 0.633333333333333; 0.2;9; 0.111111111111111; 0.333333333333333;0; 0.199999999999999; 0.111111111111111; 0.256222681689352
245; 0.0625;1; 0.633333333333333; 0.6;9;0;0;0;0;0;0
246; 0.0625;1; 0.633333333333333;1;9;0;0;0;0;0;0
247; 0.0625;1; 0.666666666666667; 0.2;9; 0.111111111111111; 0.333333333333333;0; 0.199999999999999; 0.111111111111111; 0.256222681689352
248; 0.0625;1; 0.666666666666667; 0.6;9;0;0;0;0;0;0
249; 0.0625;1; 0.666666666666667;1;9;0;0;0;0;0;0
250; 0.0625;1;1; 0.2;9;0;0;0;0;0;0
251; 0.0625;1;1; 0.6;9;0;0;0;0;0;0
252; 0.0625;1;1;1;9;0;0;0;0;0;0
253; 0.125; 0.1; 0.466666666666667; 0.2;9; 4.33333333333333; 0.5;4;5; 0.166666666666667; 0.384334022534028
254; 0.125; 0.1; 0.466666666666667; 0.6;9; 0.333333333333333; 0.5;0;1; 0.166666666666667; 0.384334022534028
255; 0.125; 0.1; 0.466666666666667;1;9; 0.666666666666667; 0.5;0;1; 0.166666666666667; 0.384334022534028
256; 0.125; 0.1; 0.533333333333333; 0.2;9; 2.11111111111111; 0.781735959970572;1;3; 0.260578653323524; 0.600895452109979
257; 0.125; 0.1; 0.533333333333333; 0.6;9; 0.111111111111111; 0.333333333333333;0; 0.199999999999999; 0.111111111111111; 0.256222681689352
258; 0.125; 0.1; 0.533333333333333;1;9; 0.111111111111111; 0.333333333333333;0; 0.199999999999999; 0.111111111111111; 0.256222681689352
259; 0.125; 0.1; 0.566666666666667; 0.2;9; 0.777777777777778; 0.97182531580755;0;2; 0.32394177193585; 0.747011065649435
260; 0.125; 0.1; 0.566666666666667; 0.6;9; 0.111111111111111; 0.333333333333333;0; 0.199999999999999; 0.111111111111111; 0.256222681689352
261; 0.125; 0.1; 0.566666666666667;1;9;0;0;0;0;0;0
262; 0.125; 0.1; 0.6; 0.2;9; 0.333333333333333; 0.5;0;1; 0.166666666666667; 0.384334022534028
263; 0.125; 0.1; 0.6; 0.6;9;0;0;0;0;0;0
264; 0.125; 0.1; 0.6;1;9;0;0;0;0;0;0
265; 0.125; 0.1; 0.633333333333333; 0.2;9; 0.111111111111111; 0.333333333333333;0; 0.199999999999999; 0.111111111111111; 0.256222681689352
266; 0.125; 0.1; 0.633333333333333; 0.6;9;0;0;0;0;0;0
267; 0.125; 0.1; 0.633333333333333;1;9;0;0;0;0;0;0
268; 0.125; 0.1; 0.666666666666667; 0.2;9; 0.111111111111111; 0.333333333333333;0; 0.199999999999999; 0.111111111111111; 0.256222681689352
269; 0.125; 0.1; 0.666666666666667; 0.6;9;0;0;0;0;0;0
270; 0.125; 0.1; 0.666666666666667;1;9;0;0;0;0;0;0
271; 0.125; 0.1;1; 0.2;9;0;0;0;0;0;0
272; 0.125; 0.1;1; 0.6;9;0;0;0;0;0;0
273; 0.125; 0.1;1;1;9;0;0;0;0;0;0
274; 0.125; 0.6; 0.466666666666667; 0.2;9; 4.33333333333333; 0.5;4;5; 0.166666666666667; 0.384334022534028
275; 0.125; 0.6; 0.466666666666667; 0.6;9; 0.333333333333333; 0.5;0;1; 0.166666666666667; 0.384334022534028
276; 0.125; 0.6; 0.466666666666667;1;9; 0.666666666666667; 0.5;0;1; 0.166666666666667; 0.384334022534028
277; 0.125; 0.6; 0.533333333333333; 0.2;9;2; 0.866025403784439;1;3; 0.288675134594813; 0.665686054106258
278; 0.125; 0.6; 0.533333333333333; 0.6;9; 0.111111111111111; 0.333333333333333;0; 0.199999999999999; 0.111111111111111; 0.256222681689352
279; 0.125; 0.6; 0.533333333333333;1;9; 0.111111111111111; 0.333333333333333;0; 0.199999999999999; 0.111111111111111; 0.256222681689352
280; 0.125; 0.6; 0.566666666666667; 0.2;9; 0.666666666666667;1;0;2; 0.333333333333333; 0.768668045068055
281; 0.125; 0.6; 0.566666666666667; 0.6;9; 0.111111111111111; 0.333333333333333;0; 0.199999999999999; 0.111111111111111; 0.256222681689352
282; 0.125; 0.6; 0.566666666666667;1;9;0;0;0;0;0;0
283; 0.125; 0.6; 0.6; 0.2;9; 0.333333333333333; 0.5;0;1; 0.166666666666667; 0.384334022534028
284; 0.125; 0.6; 0.6; 0.6;9;0;0;0;0;0;0
285; 0.125; 0.6; 0.6;1;9;0;0;0;0;0;0
286; 0.125; 0.6; 0.633333333333333; 0.2;9; 0.111111111111111; 0.333333333333333;0; 0.199999999999999; 0.111111111111111; 0.256222681689352
287; 0.125; 0.6; 0.633333333333333; 0.6;9;0;0;0;0;0;0
288; 0.125; 0.6; 0.633333333333333;1;9;0;0;0;0;0;0
289; 0.125; 0.6; 0.666666666666667; 0.2;9; 0.111111111111111; 0.333333333333333;0; 0.199999999999999; 0.111111111111111; 0.256222681689352
290; 0.125; 0.6; 0.666666666666667; 0.6;9;0;0;0;0;0;0
291; 0.125; 0.6; 0.666666666666667;1;9;0;0;0;0;0;0
292; 0.125; 0.6;1; 0.2;9;0;0;0;0;0;0
293; 0.125; 0.6;1; 0.6;9;0;0;0;0;0;0
294; 0.125; 0.6;1;1;9;0;0;0;0;0;0
295; 0.125;1; 0.466666666666667; 0.2;9; 4.33333333333333; 0.5;4;5; 0.166666666666667; 0.384334022534028
296; 0.125;1; 0.466666666666667; 0.6;9; 0.333333333333333; 0.5;0;1; 0.166666666666667; 0.384334022534028
297; 0.125;1; 0.466666666666667;1;9; 0.666666666666667; 0.5;0;1; 0.166666666666667; 0.384334022534028
298; 0.125;1; 0.533333333333333; 0.2;9;2; 0.866025403784439;1;3; 0.288675134594813; 0.665686054106258
299; 0.125;1; 0.533333333333333; 0.6;9; 0.111111111111111; 0.333333333333333;0; 0.199999999999999; 0.111111111111111; 0.256222681689352
300; 0.125;1; 0.533333333333333;1;9; 0.111111111111111; 0.333333333333333;0; 0.199999999999999; 0.111111111111111; 0.256222681689352
301; 0.125;1; 0.566666666666667; 0.2;9; 0.666666666666667;1;0;2; 0.333333333333333; 0.768668045068055
302; 0.125;1; 0.566666666666667; 0.6;9; 0.111111111111111; 0.333333333333333;0; 0.199999999999999; 0.111111111111111; 0.256222681689352
303; 0.125;1; 0.566666666666667;1;9;0;0;0;0;0;0
304; 0.125;1; 0.6; 0.2;9; 0.333333333333333; 0.5;0;1; 0.166666666666667; 0.384334022534028
305; 0.125;1; 0.6; 0.6;9;0;0;0;0;0;0
306; 0.125;1; 0.6;1;9;0;0;0;0;0;0
307; 0.125;1; 0.633333333333333; 0.2;9; 0.111111111111111; 0.333333333333333;0; 0.199999999999999; 0.111111111111111; 0.256222681689352
308; 0.125;1; 0.633333333333333; 0.6;9;0;0;0;0;0;0
309; 0.125;1; 0.633333333333333;1;9;0;0;0;0;0;0
310; 0.125;1; 0.666666666666667; 0.2;9; 0.111111111111111; 0.333333333333333;0; 0.199999999999999; 0.111111111111111; 0.256222681689352
311; 0.125;1; 0.666666666666667; 0.6;9;0;0;0;0;0;0
312; 0.125;1; 0.666666666666667;1;9;0;0;0;0;0;0
313; 0.125;1;1; 0.2;9;0;0;0;0;0;0
314; 0.125;1;1; 0.6;9;0;0;0;0;0;0
315; 0.125;1;1;1;9;0;0;0;0;0;0
316; 0.25; 0.1; 0.466666666666667; 0.2;9; 4.66666666666667; 0.707106781186548;4; 5.2; 0.235702260395516; 0.543530387149029
317; 0.25; 0.1; 0.466666666666667; 0.6;9; 0.333333333333333; 0.5;0;1; 0.166666666666667; 0.384334022534028
318; 0.25; 0.1; 0.466666666666667;1;9; 0.666666666666667; 0.5;0;1; 0.166666666666667; 0.384334022534028
319; 0.25; 0.1; 0.533333333333333; 0.2;9; 2.11111111111111; 0.781735959970572;1;3; 0.260578653323524; 0.600895452109979
320; 0.25; 0.1; 0.533333333333333; 0.6;9; 0.111111111111111; 0.333333333333333;0; 0.199999999999999; 0.111111111111111; 0.256222681689352
321; 0.25; 0.1; 0.533333333333333;1;9; 0.111111111111111; 0.333333333333333;0; 0.199999999999999; 0.111111111111111; 0.256222681689352
322; 0.25; 0.1; 0.566666666666667; 0.2;9;1; 0.866025403784439;0;2; 0.288675134594813; 0.665686054106258
323; 0.25; 0.1; 0.566666666666667; 0.6;9; 0.111111111111111; 0.333333333333333;0; 0.199999999999999; 0.111111111111111; 0.256222681689352
324; 0.25; 0.1; 0.566666666666667;1;9;0;0;0;0;0;0
325; 0.25; 0.1; 0.6; 0.2;9; 0.444444444444444; 0.726483157256779;0; 1.2; 0.242161052418926; 0.558424388263437
326; 0.25; 0.1; 0.6; 0.6;9;0;0;0;0;0;0
327; 0.25; 0.1; 0.6;1;9;0;0;0;0;0;0
328; 0.25; 0.1; 0.633333333333333; 0.2;9; 0.222222222222222; 0.440958551844098;0;1; 0.146986183948033; 0.338950748002044
329; 0.25; 0.1; 0.633333333333333; 0.6;9;0;0;0;0;0;0
330; 0.25; 0.1; 0.633333333333333;1;9;0;0;0;0;0;0
331; 0.25; 0.1; 0.666666666666667; 0.2;9; 0.111111111111111; 0.333333333333333;0; 0.199999999999999; 0.111111111111111; 0.256222681689352
332; 0.25; 0.1; 0.666666666666667; 0.6;9;0;0;0;0;0;0
333; 0.25; 0.1; 0.666666666666667;1;9;0;0;0;0;0;0
334; 0.25; 0.1;1; 0.2;9;0;0;0;0;0;0
335; 0.25; 0.1;1; 0.6;9;0;0;0;0;0;0
336; 0.25; 0.1;1;1;9;0;0;0;0;0;0
337; 0.25; 0.6; 0.466666666666667; 0.2;9; 4.33333333333333; 0.5;4;5; 0.166666666666667; 0.384334022534028
338; 0.25; 0.6; 0.466666666666667; 0.6;9; 0.333333333333333; 0.5;0;1; 0.166666666666667; 0.384334022534028
339; 0.25; 0.6; 0.466666666666667;1;9; 0.666666666666667; 0.5;0;1; 0.166666666666667; 0.384334022534028
340; 0.25; 0.6; 0.533333333333333; 0.2;9;2; 0.866025403784439;1;3; 0.288675134594813; 0.665686054106258
341; 0.25; 0.6; 0.533333333333333; 0.6;9; 0.111111111111111; 0.333333333333333;0; 0.199999999999999; 0.111111111111111; 0.256222681689352
342; 0.25; 0.6; 0.533333333333333;1;9; 0.111111111111111; 0.333333333333333;0; 0.199999999999999; 0.111111111111111; 0.256222681689352
343; 0.25; 0.6; 0.566666666666667; 0.2;9; 0.777777777777778; 0.97182531580755;0;2; 0.32394177193585; 0.747011065649435
344; 0.25; 0.6; 0.566666666666667; 0.6;9; 0.111111111111111; 0.333333333333333;0; 0.199999999999999; 0.111111111111111; 0.256222681689352
345; 0.25; 0.6; 0.566666666666667;1;9;0;0;0;0;0;0
346; 0.25; 0.6; 0.6; 0.2;9; 0.333333333333333; 0.5;0;1; 0.166666666666667; 0.384334022534028
347; 0.25; 0.6; 0.6; 0.6;9;0;0;0;0;0;0
348; 0.25; 0.6; 0.6;1;9;0;0;0;0;0;0
349; 0.25; 0.6; 0.633333333333333; 0.2;9; 0.111111111111111; 0.333333333333333;0; 0.199999999999999; 0.111111111111111; 0.256222681689352
350; 0.25; 0.6; 0.633333333333333; 0.6;9;0;0;0;0;0;0
351; 0.25; 0.6; 0.633333333333333;1;9;0;0;0;0;0;0
352; 0.25; 0.6; 0.666666666666667; 0.2;9; 0.111111111111111; 0.333333333333333;0; 0.199999999999999; 0.111111111111111; 0.256222681689352
353; 0.25; 0.6; 0.666666666666667; 0.6;9;0;0;0;0;0;0
354; 0.25; 0.6; 0.666666666666667;1;9;0;0;0;0;0;0
355; 0.25; 0.6;1; 0.2;9;0;0;0;0;0;0
356; 0.25; 0.6;1; 0.6;9;0;0;0;0;0;0
357; 0.25; 0.6;1;1;9;0;0;0;0;0;0
358; 0.25;1; 0.466666666666667; 0.2;9; 4.33333333333333; 0.5;4;5; 0.166666666666667; 0.384334022534028
359; 0.25;1; 0.466666666666667; 0.6;9; 0.333333333333333; 0.5;0;1; 0.166666666666667; 0.384334022534028
360; 0.25;1; 0.466666666666667;1;9; 0.666666666666667; 0.5;0;1; 0.166666666666667; 0.384334022534028
361; 0.25;1; 0.533333333333333; 0.2;9;2; 0.866025403784439;1;3; 0.288675134594813; 0.665686054106258
362; 0.25;1; 0.533333333333333; 0.6;9; 0.111111111111111; 0.333333333333333;0; 0.199999999999999; 0.111111111111111; 0.256222681689352
363; 0.25;1; 0.533333333333333;1;9; 0.111111111111111; 0.333333333333333;0; 0.199999999999999; 0.111111111111111; 0.256222681689352
364; 0.25;1; 0.566666666666667; 0.2;9; 0.666666666666667;1;0;2; 0.333333333333333; 0.768668045068055
365; 0.25;1; 0.566666666666667; 0.6;9; 0.111111111111111; 0.333333333333333;0; 0.199999999999999; 0.111111111111111; 0.256222681689352
366; 0.25;1; 0.566666666666667;1;9;0;0;0;0;0;0
367; 0.25;1; 0.6; 0.2;9; 0.333333333333333; 0.5;0;1; 0.166666666666667; 0.384334022534028
368; 0.25;1; 0.6; 0.6;9;0;0;0;0;0;0
369; 0.25;1; 0.6;1;9;0;0;0;0;0;0
370; 0.25;1; 0.633333333333333; 0.2;9; 0.111111111111111; 0.333333333333333;0; 0.199999999999999; 0.111111111111111; 0.256222681689352
371; 0.25;1; 0.633333333333333; 0.6;9;0;0;0;0;0;0
372; 0.25;1; 0.633333333333333;1;9;0;0;0;0;0;0
373; 0.25;1; 0.666666666666667; 0.2;9; 0.111111111111111; 0.333333333333333;0; 0.199999999999999; 0.111111111111111; 0.256222681689352
374; 0.25;1; 0.666666666666667; 0.6;9;0;0;0;0;0;0
375; 0.25;1; 0.666666666666667;1;9;0;0;0;0;0;0
376; 0.25;1;1; 0.2;9;0;0;0;0;0;0
377; 0.25;1;1; 0.6;9;0;0;0;0;0;0
378; 0.25;1;1;1;9;0;0;0;0;0;0
379; 0.5; 0.1; 0.466666666666667; 0.2;9; 10.1111111111111; 0.927960727138337; 9.6;11; 0.309320242379446; 0.713293758029357
380; 0.5; 0.1; 0.466666666666667; 0.6;9; 3.66666666666667; 0.5;3;4; 0.166666666666667; 0.384334022534028
381; 0.5; 0.1; 0.466666666666667;1;9;2;0;2;2;0;0
382; 0.5; 0.1; 0.533333333333333; 0.2;9; 9.22222222222222; 0.833333333333333;8;10; 0.277777777777778; 0.640556704223379
383; 0.5; 0.1; 0.533333333333333; 0.6;9; 3.55555555555556; 0.726483157256779; 2.8;4; 0.242161052418926; 0.558424388263437
384; 0.5; 0.1; 0.533333333333333;1;9; 1.77777777777778; 0.440958551844098;1;2; 0.146986183948033; 0.338950748002044
385; 0.5; 0.1; 0.566666666666667; 0.2;9; 8.55555555555556; 1.23603308118261; 7.6;10; 0.41201102706087; 0.950099132152082
386; 0.5; 0.1; 0.566666666666667; 0.6;9; 3.22222222222222; 0.440958551844098;3;4; 0.146986183948033; 0.338950748002044
387; 0.5; 0.1; 0.566666666666667;1;9;2;0;2;2;0;0
388; 0.5; 0.1; 0.6; 0.2;9; 8.44444444444444; 0.52704627669473;8;9; 0.175682092231577; 0.405123631167335
389; 0.5; 0.1; 0.6; 0.6;9; 2.77777777777778; 0.440958551844098;2;3; 0.146986183948033; 0.338950748002044
390; 0.5; 0.1; 0.6;1;9; 1.88888888888889; 0.333333333333333; 1.8;2; 0.111111111111111; 0.256222681689352
391; 0.5; 0.1; 0.633333333333333; 0.2;9; 8.33333333333333; 0.866025403784439;7;9; 0.288675134594813; 0.665686054106258
392; 0.5; 0.1; 0.633333333333333; 0.6;9; 2.88888888888889; 0.781735959970572;2;4; 0.260578653323524; 0.600895452109979
393; 0.5; 0.1; 0.633333333333333;1;9; 1.77777777777778; 0.440958551844098;1;2; 0.146986183948033; 0.338950748002044
394; 0.5; 0.1; 0.666666666666667; 0.2;9; 7.66666666666667; 0.707106781186548;7; 8.2; 0.235702260395516; 0.543530387149029
395; 0.5; 0.1; 0.666666666666667; 0.6;9; 2.88888888888889; 0.600925212577332;2; 3.2; 0.200308404192444; 0.461912008383923
396; 0.5; 0.1; 0.666666666666667;1;9; 1.66666666666667; 0.5;1;2; 0.166666666666667; 0.384334022534028
397; 0.5; 0.1;1; 0.2;9; 5.88888888888889; 1.16666666666667;4;7; 0.388888888888889; 0.896779385912731
398; 0.5; 0.1;1; 0.6;9; 1.55555555555556; 0.881917103688197; 0.8; 2.2; 0.293972367896066; 0.677901496004088
399; 0.5; 0.1;1;1;9; 1.11111111111111; 0.333333333333333;1; 1.2; 0.111111111111111; 0.256222681689352
400; 0.5; 0.6; 0.466666666666667; 0.2;9; 4.33333333333333; 0.5;4;5; 0.166666666666667; 0.384334022534028
401; 0.5; 0.6; 0.466666666666667; 0.6;9; 0.333333333333333; 0.5;0;1; 0.166666666666667; 0.384334022534028
402; 0.5; 0.6; 0.466666666666667;1;9; 0.666666666666667; 0.5;0;1; 0.166666666666667; 0.384334022534028
403; 0.5; 0.6; 0.533333333333333; 0.2;9;2; 0.866025403784439;1;3; 0.288675134594813; 0.665686054106258
404; 0.5; 0.6; 0.533333333333333; 0.6;9; 0.111111111111111; 0.333333333333333;0; 0.199999999999999; 0.111111111111111; 0.256222681689352
405; 0.5; 0.6; 0.533333333333333;1;9; 0.111111111111111; 0.333333333333333;0; 0.199999999999999; 0.111111111111111; 0.256222681689352
406; 0.5; 0.6; 0.566666666666667; 0.2;9; 0.666666666666667;1;0;2; 0.333333333333333; 0.768668045068055
407; 0.5; 0.6; 0.566666666666667; 0.6;9; 0.111111111111111; 0.333333333333333;0; 0.199999999999999; 0.111111111111111; 0.256222681689352
408; 0.5; 0.6; 0.566666666666667;1;9;0;0;0;0;0;0
409; 0.5; 0.6; 0.6; 0.2;9; 0.333333333333333; 0.5;0;1; 0.166666666666667; 0.384334022534028
410; 0.5; 0.6; 0.6; 0.6;9;0;0;0;0;0;0
411; 0.5; 0.6; 0.6;1;9;0;0;0;0;0;0
412; 0.5; 0.6; 0.633333333333333; 0.2;9; 0.111111111111111; 0.333333333333333;0; 0.199999999999999; 0.111111111111111; 0.256222681689352
413; 0.5; 0.6; 0.633333333333333; 0.6;9;0;0;0;0;0;0
414; 0.5; 0.6; 0.633333333333333;1;9;0;0;0;0;0;0
415; 0.5; 0.6; 0.666666666666667; 0.2;9; 0.111111111111111; 0.333333333333333;0; 0.199999999999999; 0.111111111111111; 0.256222681689352
416; 0.5; 0.6; 0.666666666666667; 0.6;9;0;0;0;0;0;0
417; 0.5; 0.6; 0.666666666666667;1;9;0;0;0;0;0;0
418; 0.5; 0.6;1; 0.2;9;0;0;0;0;0;0
419; 0.5; 0.6;1; 0.6;9;0;0;0;0;0;0
420; 0.5; 0.6;1;1;9;0;0;0;0;0;0
421; 0.5;1; 0.466666666666667; 0.2;9; 4.33333333333333; 0.5;4;5; 0.166666666666667; 0.384334022534028
422; 0.5;1; 0.466666666666667; 0.6;9; 0.333333333333333; 0.5;0;1; 0.166666666666667; 0.384334022534028
423; 0.5;1; 0.466666666666667;1;9; 0.666666666666667; 0.5;0;1; 0.166666666666667; 0.384334022534028
424; 0.5;1; 0.533333333333333; 0.2;9;2; 0.866025403784439;1;3; 0.288675134594813; 0.665686054106258
425; 0.5;1; 0.533333333333333; 0.6;9; 0.111111111111111; 0.333333333333333;0; 0.199999999999999; 0.111111111111111; 0.256222681689352
426; 0.5;1; 0.533333333333333;1;9; 0.111111111111111; 0.333333333333333;0; 0.199999999999999; 0.111111111111111; 0.256222681689352
427; 0.5;1; 0.566666666666667; 0.2;9; 0.666666666666667;1;0;2; 0.333333333333333; 0.768668045068055
428; 0.5;1; 0.566666666666667; 0.6;9; 0.111111111111111; 0.333333333333333;0; 0.199999999999999; 0.111111111111111; 0.256222681689352
429; 0.5;1; 0.566666666666667;1;9;0;0;0;0;0;0
430; 0.5;1; 0.6; 0.2;9; 0.333333333333333; 0.5;0;1; 0.166666666666667; 0.384334022534028
431; 0.5;1; 0.6; 0.6;9;0;0;0;0;0;0
432; 0.5;1; 0.6;1;9;0;0;0;0;0;0
433; 0.5;1; 0.633333333333333; 0.2;9; 0.111111111111111; 0.333333333333333;0; 0.199999999999999; 0.111111111111111; 0.256222681689352
434; 0.5;1; 0.633333333333333; 0.6;9;0;0;0;0;0;0
435; 0.5;1; 0.633333333333333;1;9;0;0;0;0;0;0
436; 0.5;1; 0.666666666666667; 0.2;9; 0.111111111111111; 0.333333333333333;0; 0.199999999999999; 0.111111111111111; 0.256222681689352
437; 0.5;1; 0.666666666666667; 0.6;9;0;0;0;0;0;0
438; 0.5;1; 0.666666666666667;1;9;0;0;0;0;0;0
439; 0.5;1;1; 0.2;9;0;0;0;0;0;0
440; 0.5;1;1; 0.6;9;0;0;0;0;0;0
441; 0.5;1;1;1;9;0;0;0;0;0;0
442; 0.75; 0.1; 0.466666666666667; 0.2;9; 14.8888888888889; 0.333333333333333; 14.8;15; 0.111111111111111; 0.256222681689352
443; 0.75; 0.1; 0.466666666666667; 0.6;9;7;0;7;7;0;0
444; 0.75; 0.1; 0.466666666666667;1;9; 3.33333333333333; 0.5;3;4; 0.166666666666667; 0.384334022534028
445; 0.75; 0.1; 0.533333333333333; 0.2;9; 14.3333333333333; 0.5;14;15; 0.166666666666667; 0.384334022534028
446; 0.75; 0.1; 0.533333333333333; 0.6;9;7;0;7;7;0;0
447; 0.75; 0.1; 0.533333333333333;1;9; 3.22222222222222; 0.440958551844098;3;4; 0.146986183948033; 0.338950748002044
448; 0.75; 0.1; 0.566666666666667; 0.2;9; 14.4444444444444; 0.52704627669473;14;15; 0.175682092231577; 0.405123631167335
449; 0.75; 0.1; 0.566666666666667; 0.6;9;7;0;7;7;0;0
450; 0.75; 0.1; 0.566666666666667;1;9; 3.11111111111111; 0.333333333333333;3; 3.2; 0.111111111111111; 0.256222681689352
451; 0.75; 0.1; 0.6; 0.2;9; 14.7777777777778; 0.440958551844098;14;15; 0.146986183948033; 0.338950748002044
452; 0.75; 0.1; 0.6; 0.6;9;7;0;7;7;0;0
453; 0.75; 0.1; 0.6;1;9; 3.11111111111111; 0.333333333333333;3; 3.2; 0.111111111111111; 0.256222681689352
454; 0.75; 0.1; 0.633333333333333; 0.2;9; 14.6666666666667; 0.5;14;15; 0.166666666666667; 0.384334022534028
455; 0.75; 0.1; 0.633333333333333; 0.6;9; 6.88888888888889; 0.333333333333333; 6.8;7; 0.111111111111111; 0.256222681689352
456; 0.75; 0.1; 0.633333333333333;1;9; 3.22222222222222; 0.440958551844098;3;4; 0.146986183948033; 0.338950748002044
457; 0.75; 0.1; 0.666666666666667; 0.2;9; 14.4444444444444; 0.52704627669473;14;15; 0.175682092231577; 0.405123631167335
458; 0.75; 0.1; 0.666666666666667; 0.6;9;7;0;7;7;0;0
459; 0.75; 0.1; 0.666666666666667;1;9; 3.11111111111111; 0.333333333333333;3; 3.2; 0.111111111111111; 0.256222681689352
460; 0.75; 0.1;1; 0.2;9; 14.4444444444444; 0.52704627669473;14;15; 0.175682092231577; 0.405123631167335
461; 0.75; 0.1;1; 0.6;9; 6.88888888888889; 0.333333333333333; 6.8;7; 0.111111111111111; 0.256222681689352
462; 0.75; 0.1;1;1;9; 3.11111111111111; 0.333333333333333;3; 3.2; 0.111111111111111; 0.256222681689352
463; 0.75; 0.6; 0.466666666666667; 0.2;9; 5.11111111111111; 0.333333333333333;5; 5.2; 0.111111111111111; 0.256222681689352
464; 0.75; 0.6; 0.466666666666667; 0.6;9; 0.555555555555556; 0.52704627669473;0;1; 0.175682092231577; 0.405123631167335
465; 0.75; 0.6; 0.466666666666667;1;9;1;0;1;1;0;0
466; 0.75; 0.6; 0.533333333333333; 0.2;9; 2.77777777777778; 0.833333333333333;2;4; 0.277777777777778; 0.640556704223379
467; 0.75; 0.6; 0.533333333333333; 0.6;9; 0.333333333333333; 0.5;0;1; 0.166666666666667; 0.384334022534028
468; 0.75; 0.6; 0.533333333333333;1;9; 0.444444444444444; 0.52704627669473;0;1; 0.175682092231577; 0.405123631167335
469; 0.75; 0.6; 0.566666666666667; 0.2;9; 2.33333333333333; 0.866025403784439; 1.8; 3.2; 0.288675134594813; 0.665686054106258
470; 0.75; 0.6; 0.566666666666667; 0.6;9; 0.111111111111111; 0.333333333333333;0; 0.199999999999999; 0.111111111111111; 0.256222681689352
471; 0.75; 0.6; 0.566666666666667;1;9;0;0;0;0;0;0
472; 0.75; 0.6; 0.6; 0.2;9; 1.11111111111111; 1.05409255338946;0; 2.2; 0.351364184463153; 0.810247262334671
473; 0.75; 0.6; 0.6; 0.6;9; 0.111111111111111; 0.333333333333333;0; 0.199999999999999; 0.111111111111111; 0.256222681689352
474; 0.75; 0.6; 0.6;1;9;0;0;0;0;0;0
475; 0.75; 0.6; 0.633333333333333; 0.2;9; 0.555555555555556; 0.726483157256779;0; 1.2; 0.242161052418926; 0.558424388263437
476; 0.75; 0.6; 0.633333333333333; 0.6;9;0;0;0;0;0;0
477; 0.75; 0.6; 0.633333333333333;1;9;0;0;0;0;0;0
478; 0.75; 0.6; 0.666666666666667; 0.2;9; 0.333333333333333; 0.5;0;1; 0.166666666666667; 0.384334022534028
479; 0.75; 0.6; 0.666666666666667; 0.6;9;0;0;0;0;0;0
480; 0.75; 0.6; 0.666666666666667;1;9;0;0;0;0;0;0
481; 0.75; 0.6;1; 0.2;9; 0.111111111111111; 0.333333333333333;0; 0.199999999999999; 0.111111111111111; 0.256222681689352
482; 0.75; 0.6;1; 0.6;9;0;0;0;0;0;0
483; 0.75; 0.6;1;1;9;0;0;0;0;0;0
484; 0.75;1; 0.466666666666667; 0.2;9; 4.55555555555556; 0.726483157256779;4; 5.2; 0.242161052418926; 0.558424388263437
485; 0.75;1; 0.466666666666667; 0.6;9; 0.333333333333333; 0.5;0;1; 0.166666666666667; 0.384334022534028
486; 0.75;1; 0.466666666666667;1;9; 0.666666666666667; 0.5;0;1; 0.166666666666667; 0.384334022534028
487; 0.75;1; 0.533333333333333; 0.2;9;2; 0.866025403784439;1;3; 0.288675134594813; 0.665686054106258
488; 0.75;1; 0.533333333333333; 0.6;9; 0.111111111111111; 0.333333333333333;0; 0.199999999999999; 0.111111111111111; 0.256222681689352
489; 0.75;1; 0.533333333333333;1;9; 0.111111111111111; 0.333333333333333;0; 0.199999999999999; 0.111111111111111; 0.256222681689352
490; 0.75;1; 0.566666666666667; 0.2;9; 0.777777777777778; 0.97182531580755;0;2; 0.32394177193585; 0.747011065649435
491; 0.75;1; 0.566666666666667; 0.6;9; 0.111111111111111; 0.333333333333333;0; 0.199999999999999; 0.111111111111111; 0.256222681689352
492; 0.75;1; 0.566666666666667;1;9;0;0;0;0;0;0
493; 0.75;1; 0.6; 0.2;9; 0.444444444444444; 0.52704627669473;0;1; 0.175682092231577; 0.405123631167335
494; 0.75;1; 0.6; 0.6;9;0;0;0;0;0;0
495; 0.75;1; 0.6;1;9;0;0;0;0;0;0
496; 0.75;1; 0.633333333333333; 0.2;9; 0.111111111111111; 0.333333333333333;0; 0.199999999999999; 0.111111111111111; 0.256222681689352
497; 0.75;1; 0.633333333333333; 0.6;9;0;0;0;0;0;0
498; 0.75;1; 0.633333333333333;1;9;0;0;0;0;0;0
499; 0.75;1; 0.666666666666667; 0.2;9; 0.111111111111111; 0.333333333333333;0; 0.199999999999999; 0.111111111111111; 0.256222681689352
500; 0.75;1; 0.666666666666667; 0.6;9;0;0;0;0;0;0
501; 0.75;1; 0.666666666666667;1;9;0;0;0;0;0;0
502; 0.75;1;1; 0.2;9;0;0;0;0;0;0
503; 0.75;1;1; 0.6;9;0;0;0;0;0;0
504; 0.75;1;1;1;9;0;0;0;0;0;0
505;1; 0.1; 0.466666666666667; 0.2;9;15;0;15;15;0;0
506;1; 0.1; 0.466666666666667; 0.6;9;7;0;7;7;0;0
507;1; 0.1; 0.466666666666667;1;9; 3.33333333333333; 0.5;3;4; 0.166666666666667; 0.384334022534028
508;1; 0.1; 0.533333333333333; 0.2;9;15;0;15;15;0;0
509;1; 0.1; 0.533333333333333; 0.6;9;7;0;7;7;0;0
510;1; 0.1; 0.533333333333333;1;9; 3.33333333333333; 0.5;3;4; 0.166666666666667; 0.384334022534028
511;1; 0.1; 0.566666666666667; 0.2;9;15;0;15;15;0;0
512;1; 0.1; 0.566666666666667; 0.6;9;7;0;7;7;0;0
513;1; 0.1; 0.566666666666667;1;9; 3.33333333333333; 0.5;3;4; 0.166666666666667; 0.384334022534028
514;1; 0.1; 0.6; 0.2;9;15;0;15;15;0;0
515;1; 0.1; 0.6; 0.6;9;7;0;7;7;0;0
516;1; 0.1; 0.6;1;9; 3.33333333333333; 0.5;3;4; 0.166666666666667; 0.384334022534028
517;1; 0.1; 0.633333333333333; 0.2;9;15;0;15;15;0;0
518;1; 0.1; 0.633333333333333; 0.6;9;7;0;7;7;0;0
519;1; 0.1; 0.633333333333333;1;9; 3.33333333333333; 0.5;3;4; 0.166666666666667; 0.384334022534028
520;1; 0.1; 0.666666666666667; 0.2;9;15;0;15;15;0;0
521;1; 0.1; 0.666666666666667; 0.6;9;7;0;7;7;0;0
522;1; 0.1; 0.666666666666667;1;9; 3.33333333333333; 0.5;3;4; 0.166666666666667; 0.384334022534028
523;1; 0.1;1; 0.2;9;15;0;15;15;0;0
524;1; 0.1;1; 0.6;9;7;0;7;7;0;0
525;1; 0.1;1;1;9; 3.33333333333333; 0.5;3;4; 0.166666666666667; 0.384334022534028
526;1; 0.6; 0.466666666666667; 0.2;9; 11.4444444444444; 1.0137937550497; 10.8;13; 0.337931251683234; 0.779270863796258
527;1; 0.6; 0.466666666666667; 0.6;9;5; 0.5; 4.8; 5.2; 0.166666666666667; 0.384334022534028
528;1; 0.6; 0.466666666666667;1;9; 2.77777777777778; 0.440958551844098;2;3; 0.146986183948033; 0.338950748002044
529;1; 0.6; 0.533333333333333; 0.2;9; 10.8888888888889; 0.781735959970572;10;12; 0.260578653323524; 0.600895452109979
530;1; 0.6; 0.533333333333333; 0.6;9; 4.44444444444444; 0.52704627669473;4;5; 0.175682092231577; 0.405123631167335
531;1; 0.6; 0.533333333333333;1;9; 2.66666666666667; 0.5;2;3; 0.166666666666667; 0.384334022534028
532;1; 0.6; 0.566666666666667; 0.2;9; 10.4444444444444; 0.726483157256779;10; 11.2; 0.242161052418926; 0.558424388263437
533;1; 0.6; 0.566666666666667; 0.6;9; 4.11111111111111; 0.600925212577332; 3.8;5; 0.200308404192444; 0.461912008383923
534;1; 0.6; 0.566666666666667;1;9; 2.66666666666667; 0.5;2;3; 0.166666666666667; 0.384334022534028
535;1; 0.6; 0.6; 0.2;9; 10.8888888888889; 1.16666666666667; 9.8; 12.2; 0.388888888888889; 0.896779385912731
536;1; 0.6; 0.6; 0.6;9; 4.77777777777778; 0.833333333333333;4;6; 0.277777777777778; 0.640556704223379
537;1; 0.6; 0.6;1;9; 2.55555555555556; 0.52704627669473;2;3; 0.175682092231577; 0.405123631167335
538;1; 0.6; 0.633333333333333; 0.2;9; 10.4444444444444; 0.881917103688197; 9.8; 11.2; 0.293972367896066; 0.677901496004088
539;1; 0.6; 0.633333333333333; 0.6;9; 4.66666666666667; 0.5;4;5; 0.166666666666667; 0.384334022534028
540;1; 0.6; 0.633333333333333;1;9; 2.55555555555556; 0.52704627669473;2;3; 0.175682092231577; 0.405123631167335
541;1; 0.6; 0.666666666666667; 0.2;9; 10.4444444444444; 0.726483157256779; 9.8;11; 0.242161052418926; 0.558424388263437
542;1; 0.6; 0.666666666666667; 0.6;9; 4.33333333333333; 0.866025403784439;3;5; 0.288675134594813; 0.665686054106258
543;1; 0.6; 0.666666666666667;1;9; 2.44444444444444; 0.52704627669473;2;3; 0.175682092231577; 0.405123631167335
544;1; 0.6;1; 0.2;9; 9.77777777777778; 0.833333333333333;9;11; 0.277777777777778; 0.640556704223379
545;1; 0.6;1; 0.6;9; 4.11111111111111; 0.927960727138337;3;5; 0.309320242379446; 0.713293758029357
546;1; 0.6;1;1;9; 2.22222222222222; 0.440958551844098;2;3; 0.146986183948033; 0.338950748002044
547;1;1; 0.466666666666667; 0.2;9; 5.11111111111111; 0.600925212577332; 4.8;6; 0.200308404192444; 0.461912008383923
548;1;1; 0.466666666666667; 0.6;9; 0.444444444444444; 0.52704627669473;0;1; 0.175682092231577; 0.405123631167335
549;1;1; 0.466666666666667;1;9;1;0;1;1;0;0
550;1;1; 0.533333333333333; 0.2;9; 2.33333333333333; 0.866025403784439; 1.8; 3.2; 0.288675134594813; 0.665686054106258
551;1;1; 0.533333333333333; 0.6;9; 0.111111111111111; 0.333333333333333;0; 0.199999999999999; 0.111111111111111; 0.256222681689352
552;1;1; 0.533333333333333;1;9; 0.333333333333333; 0.5;0;1; 0.166666666666667; 0.384334022534028
553;1;1; 0.566666666666667; 0.2;9; 1.44444444444444; 0.881917103688197; 0.8; 2.2; 0.293972367896066; 0.677901496004088
554;1;1; 0.566666666666667; 0.6;9; 0.111111111111111; 0.333333333333333;0; 0.199999999999999; 0.111111111111111; 0.256222681689352
555;1;1; 0.566666666666667;1;9;0;0;0;0;0;0
556;1;1; 0.6; 0.2;9; 0.555555555555556; 0.726483157256779;0; 1.2; 0.242161052418926; 0.558424388263437
557;1;1; 0.6; 0.6;9; 0.111111111111111; 0.333333333333333;0; 0.199999999999999; 0.111111111111111; 0.256222681689352
558;1;1; 0.6;1;9;0;0;0;0;0;0
559;1;1; 0.633333333333333; 0.2;9; 0.444444444444444; 0.726483157256779;0; 1.2; 0.242161052418926; 0.558424388263437
560;1;1; 0.633333333333333; 0.6;9; 0.111111111111111; 0.333333333333333;0; 0.199999999999999; 0.111111111111111; 0.256222681689352
561;1;1; 0.633333333333333;1;9;0;0;0;0;0;0
562;1;1; 0.666666666666667; 0.2;9; 0.222222222222222; 0.440958551844098;0;1; 0.146986183948033; 0.338950748002044
563;1;1; 0.666666666666667; 0.6;9;0;0;0;0;0;0
564;1;1; 0.666666666666667;1;9;0;0;0;0;0;0
565;1;1;1; 0.2;9;0;0;0;0;0;0
566;1;1;1; 0.6;9;0;0;0;0;0;0
567;1;1;1;1;9;0;0;0;0;0;0